date,CAPE,STP,M2,_OIL,MKT_Target,MKT_Return,lagged_MKT,Daily_IR,MKT_Factor
1988-05-31,-0.02865025452256953,1.0709999999999997,0.06636961882585712,17.52,-0.020607348471745168,-0.020607348471745168,-0.020607348471745168,0.00546958904109589,-0.02607693751284106
1988-06-30,0.06787096767585066,0.8549999999999995,0.06694198004754925,16.46,0.0784872719933396,0.0784872719933396,0.0784872719933396,0.005350684931506849,0.07313658706183275
1988-07-31,-0.01095027921502556,0.7260000000000009,0.024923018023999433,16.2,-0.0019182183961822252,-0.0019182183961822252,-0.0019182183961822252,0.005902739726027398,-0.007820958122209624
1988-08-31,-0.04409389186601542,0.6069999999999993,-0.029812651696360604,15.35,-0.0352974265222894,-0.0352974265222894,-0.0352974265222894,0.0062254794520547945,-0.041522905974344194
1988-09-30,0.03316328976317662,0.5220000000000002,-0.04390043890562634,14.2,0.04480077745383859,0.04480077745383859,0.04480077745383859,0.005942465753424658,0.038858311700413935
1988-10-31,0.01842855447531422,0.39700000000000024,-0.05027763309781896,13.85,0.026950981304064703,0.026950981304064703,0.026950981304064703,0.00625945205479452,0.02069152924927018
1988-11-30,-0.046579302414946344,0.14599999999999902,0.06784737412190056,13.97,-0.040780744061771124,-0.040780744061771124,-0.040780744061771124,0.006599999999999999,-0.047380744061771125
1988-12-31,0.04012610026809371,0.016000000000000014,0.0004379403610159649,16.61,0.04685803314291115,0.04685803314291115,0.04685803314291115,0.006836986301369864,0.040021046841541286
1989-01-31,0.04325550867095718,-0.15499999999999936,-0.12186901897927616,17.74,0.05436669898752999,0.05436669898752999,0.05436669898752999,0.007074794520547946,0.047291904466982046
1989-02-28,-0.027919479998133934,-0.2270000000000003,-0.17755920618885845,18.07,-0.01980409769451219,-0.01980409769451219,-0.01980409769451219,0.006635616438356165,-0.026439714132868355
1989-03-31,0.0028067791830586053,-0.44399999999999906,-0.11807976749232418,20.15,0.012502181881654861,0.012502181881654861,0.012502181881654861,0.00795808219178082,0.004544099689874041
1989-04-30,0.06375632440727985,-0.23099999999999987,-0.1412129863250855,20.42,0.0775778472147397,0.0775778472147397,0.0775778472147397,0.006912328767123288,0.07066551844761641
1989-05-31,0.03757640231920467,-0.2829999999999995,-0.11258722802628185,19.52,0.048055194480552066,0.048055194480552066,0.048055194480552066,0.007236164383561644,0.04081903009699042
1989-06-30,0.018119986462951765,-0.14700000000000024,0.040324429207727164,19.7,0.02450007632422513,0.02450007632422513,0.02450007632422513,0.006616438356164383,0.017883637968060744
1989-07-31,0.04269357373833094,0.1980000000000004,0.1586343234672678,17.93,0.05077106459062808,0.05077106459062808,0.05077106459062808,0.006675616438356165,0.04409544815227191
1989-08-31,0.02076756548456915,-0.10400000000000098,0.14980373011524017,18.51,0.026268212272678948,0.026268212272678948,0.026268212272678948,0.006760547945205479,0.01950766432747347
1989-09-30,-0.02012834647218842,-0.09799999999999898,0.10075648992663844,19.28,-0.013212435233160624,-0.013212435233160624,-0.013212435233160624,0.006378082191780822,-0.019590517424941445
1989-10-31,-0.028698825897410796,-0.04999999999999982,0.09005696136260921,19.75,-0.019567690557451778,-0.019567690557451778,-0.019567690557451778,0.006590684931506849,-0.026158375488958628
1989-11-30,0.026779941749957903,0.13399999999999945,0.023475975675169014,19.8,0.032882874841566156,0.032882874841566156,0.032882874841566156,0.006172602739726028,0.026710272101840127
1989-12-31,0.022218019951416146,-0.0259999999999998,0.06792193530395885,21.8,0.028275635596882065,0.028275635596882065,0.028275635596882065,0.006607671232876713,0.02166796436400535
1990-01-31,-0.09700228060601779,0.0990000000000002,0.062492625977991434,22.55,-0.0802084208757039,-0.0802084208757039,-0.0802084208757039,0.006655232876712329,-0.08686365375241623
1990-02-28,-0.009579703940722162,0.14499999999999957,0.06558426247022542,21.75,-0.0015167297114559997,-0.0015167297114559997,-0.0015167297114559997,0.006002739726027397,-0.007519469437483397
1990-03-31,0.03655986901573671,-0.07399999999999984,0.015515124632895727,20.39,0.046449487554904856,0.046449487554904856,0.046449487554904856,0.006840383561643836,0.03960910399326102
1990-04-30,-0.01885918091323857,0.053999999999998494,0.024846627580444647,18.55,-0.013116933086152027,-0.013116933086152027,-0.013116933086152027,0.00655972602739726,-0.019676659113549287
1990-05-31,0.07379684306375323,0.1899999999999995,-0.03618595020412263,17.8,0.0823527326859006,0.0823527326859006,0.0823527326859006,0.006645041095890411,0.07570769159001019
1990-06-30,0.0055899871826841085,0.14700000000000024,-0.02247399961686103,16.71,0.014031927957429469,0.014031927957429469,0.014031927957429469,0.00650876712328767,0.007523160834141798
1990-07-31,-0.004954497979055894,0.379999999999999,-0.08465397966479671,20.04,0.002728799328295395,0.002728799328295395,0.002728799328295395,0.006522739726027397,-0.003793940397732002
1990-08-31,-0.1365473630157501,0.7619999999999987,-0.03367710900466969,30.9,-0.11674530200801925,-0.11674530200801925,-0.11674530200801925,0.006453945205479452,-0.1231992472134987
1990-09-30,-0.021480299939307113,0.7959999999999994,-0.039236824322360864,39.58,-0.008842135968350706,-0.008842135968350706,-0.008842135968350706,0.0059712328767123285,-0.014813368845063034
1990-10-31,0.001959658700586786,0.8949999999999987,-0.117061687000513,32.95,0.011477761836441891,0.011477761836441891,0.011477761836441891,0.0060556164383561645,0.0054221453980857265
1990-11-30,0.03723764009266661,0.798,-0.12212339293218788,31.8,0.04393526095653755,0.04393526095653755,0.04393526095653755,0.005878356164383562,0.038056904792153984
1990-12-31,0.042405130942122504,0.8110000000000008,-0.08660298327749016,27.57,0.04788698045500461,0.04788698045500461,0.04788698045500461,0.005478082191780822,0.04240889826322379
1991-01-31,0.015894456263323864,0.935999999999999,0.008796603058672137,24.6,0.025633779403208434,0.025633779403208434,0.025633779403208434,0.005240273972602739,0.020393505430605696
1991-02-28,0.09140918619699656,1.0190000000000001,0.03183912578100312,17.55,0.10110702303191399,0.10110702303191399,0.10110702303191399,0.004703232876712329,0.09640379015520166
1991-03-31,0.030442408149961686,1.0220000000000002,0.047152088714005114,19.63,0.0366821226172076,0.0366821226172076,0.0366821226172076,0.005026246575342466,0.031655876041865136
1991-04-30,0.0036327201280297317,1.1399999999999997,-0.011214603624841502,21.28,0.008434265267582175,0.008434265267582175,0.008434265267582175,0.004760547945205479,0.0036737173223766956
1991-05-31,-0.005100390872281313,1.3779999999999992,0.08528295257235285,21.04,0.0012953915039213282,0.0012953915039213282,0.0012953915039213282,0.004723890410958905,-0.0034284989070375764
1991-06-30,-0.027855417835073837,1.5280000000000005,-0.034022716742903025,20.58,-0.020376021261935273,-0.020376021261935273,-0.020376021261935273,0.004683287671232877,-0.02505930893316815
1991-07-31,0.027855417835073837,1.3820000000000006,-0.05228987058229739,21.51,0.033259646302250756,0.033259646302250756,0.033259646302250756,0.00488441095890411,0.028375235343346645
1991-08-31,0.042441744954557326,1.649,-0.15779172402406472,21.76,0.04991595004237248,0.04991595004237248,0.04991595004237248,0.004715397260273972,0.04520055278209851
1991-09-30,-0.02262098512771038,1.479,-0.12310108067534342,22.35,-0.013973059517823683,-0.013973059517823683,-0.013973059517823683,0.004340547945205479,-0.018313607463029163
1991-10-31,-0.009053714108461008,1.7389999999999999,0.0035295925180012233,23.15,-0.004213747014144231,-0.004213747014144231,-0.004213747014144231,0.0043349041095890415,-0.008548651123733273
1991-11-30,-0.017316215009215874,2.0340000000000007,0.01960731207842148,21.89,-0.011131475392162082,-0.011131475392162082,-0.011131475392162082,0.003742191780821918,-0.014873667172984
1991-12-31,0.08910358530527995,2.0379999999999994,-0.027411304240246626,18.78,0.0983946141895391,0.0983946141895391,0.0983946141895391,0.0033734794520547946,0.0950211347374843
1992-01-31,0.015950252438619028,2.1580000000000004,-0.07604871094037113,19.05,0.020558822799573218,0.020558822799573218,0.020558822799573218,0.003329315068493151,0.017229507731080066
1992-02-29,-0.014999039570581907,2.0440000000000005,0.016067867418992687,18.54,-0.00888699775089652,-0.00888699775089652,-0.00888699775089652,0.003205095890410959,-0.012092093641307478
1992-03-31,-0.019810633733355232,1.9820000000000002,-0.1576587326840957,19.12,-0.011567145871154594,-0.011567145871154594,-0.011567145871154594,0.003477945205479452,-0.015045091076634046
1992-04-30,0.003566519294865955,2.3390000000000004,-0.2007148673421537,20.22,0.007718941189610584,0.007718941189610584,0.007718941189610584,0.003085479452054794,0.00463346173755579
1992-05-31,0.02028916477414766,2.3499999999999996,-0.19415287771348932,22.1,0.025676391266332477,0.025676391266332477,0.025676391266332477,0.0032146575342465755,0.0224617337320859
1992-06-30,-0.04136205227801737,2.3449999999999998,-0.29514851582118684,22.43,-0.034254634521179494,-0.034254634521179494,-0.034254634521179494,0.0030435616438356165,-0.03729819616501511
1992-07-31,0.025994132310817264,2.5920000000000005,-0.0946365609107005,22.01,0.03183937340709897,0.03183937340709897,0.03183937340709897,0.0027076164383561642,0.029131756968742806
1992-08-31,0.009018374848832167,2.622,0.14765252987206967,21.33,0.016169453949587798,0.016169453949587798,0.016169453949587798,0.0026880821917808218,0.013481371757806976
1992-09-30,-0.0016565021482319864,2.6870000000000003,0.23497558307437494,21.68,0.004564964784557368,0.004564964784557368,0.004564964784557368,0.0023827397260273975,0.0021822250585299707
1992-10-31,-0.006299630257714295,2.4879999999999995,0.13805619710799544,21.17,0.0006727807088984239,0.0006727807088984239,0.0006727807088984239,0.0025453972602739725,-0.0018726165513755486
1992-11-30,0.040474107927774394,2.279,-0.0449165034364416,20.37,0.04757018164661475,0.04757018164661475,0.04757018164661475,0.002738630136986301,0.04483155150962845
1992-12-31,0.01789972248226812,2.2200000000000006,-0.15204950446884613,19.95,0.020976658822469574,0.020976658822469574,0.020976658822469574,0.002742438356164384,0.01823422046630519
1993-01-31,-0.017268761702240898,2.284,-0.3285273832200932,20.26,-0.00767568044466016,-0.00767568044466016,-0.00767568044466016,0.002519068493150685,-0.010194748937810845
1993-02-28,-0.0004367765957189462,2.243,-0.9663472182113564,20.56,0.006934874416536951,0.006934874416536951,0.006934874416536951,0.002299068493150685,0.0046358059233862665
1993-03-31,-0.0002912904186049836,2.152,-0.62117131718517,20.42,0.006964372433888144,0.006964372433888144,0.006964372433888144,0.0025326575342465756,0.0044317148996415685
1993-04-30,-0.043871472343251394,2.2039999999999997,0.3981160050580854,19.97,-0.03659779689812026,-0.03659779689812026,-0.03659779689812026,0.0023786301369863013,-0.038976427035106564
1993-05-31,0.029197694746068592,2.0220000000000002,1.1947684083914334,20.01,0.0362132520251206,0.0362132520251206,0.0362132520251206,0.002654109589041096,0.033559142436079506
1993-06-30,-0.008312353042000176,1.795,0.24790161541518252,18.84,-0.002964459425333965,-0.002964459425333965,-0.002964459425333965,0.00258986301369863,-0.005554322439032595
1993-07-31,-0.004831047571133951,1.7599999999999998,-0.01868545499060037,17.77,-0.0009800790670527748,-0.0009800790670527748,-0.0009800790670527748,0.0026812876712328767,-0.0036613667382856515
1993-08-31,0.022803416399229004,1.7319999999999998,-0.02670722718834906,18.8,0.030687830687830653,0.030687830687830653,0.030687830687830653,0.0026201369863013695,0.028067693701529284
1993-09-30,-0.00818291064308152,1.6100000000000003,-0.11610968434220226,17.62,-0.002384924709103342,-0.002384924709103342,-0.002384924709103342,0.002455068493150685,-0.004839993202254027
1993-10-31,0.022476135879479386,1.496,-0.24576395054999445,16.91,0.03153911300264789,0.03153911300264789,0.03153911300264789,0.0026286301369863015,0.02891048286566159
1993-11-30,-0.010883079192826717,1.6719999999999997,0.28079620589847654,15.88,-0.006630431393741643,-0.006630431393741643,-0.006630431393741643,0.0026030136986301368,-0.00923344509237178
1993-12-31,0.006544050111554345,1.6269999999999998,0.13348328908238827,14.48,0.010085264424334328,0.010085264424334328,0.010085264424334328,0.002609945205479452,0.007475319218854876
1994-01-31,0.018857646971396136,1.6360000000000006,0.11539540344597121,15.34,0.02605930667329548,0.02605930667329548,0.02605930667329548,0.0025453972602739725,0.023513909413021505
1994-02-28,-0.02691047015285042,1.6059999999999999,0.09371960925965972,14.57,-0.019996971685257048,-0.019996971685257048,-0.019996971685257048,0.002638904109589041,-0.022635875794846088
1994-03-31,-0.019724699398926848,1.6189999999999998,0.11204600373612017,15.08,-0.012823946273330389,-0.012823946273330389,-0.012823946273330389,0.003017616438356164,-0.015841562711686553
1994-04-30,-0.027243055450437037,1.388,0.023239667897315908,18.0,-0.02236041694925861,-0.02236041694925861,-0.02236041694925861,0.00314958904109589,-0.025510005990354502
1994-05-31,0.011168195679280846,1.2480000000000002,-0.2688412161210736,17.74,0.016286714480874265,0.016286714480874265,0.016286714480874265,0.003622328767123287,0.012664385713750979
1994-06-30,-0.03765295892716347,1.242,-0.37511250854050093,19.28,-0.03043414337022954,-0.03043414337022954,-0.03043414337022954,0.0034767123287671236,-0.03391085569899666
1994-07-31,0.031576683206314904,1.1290000000000004,0.21947903322721185,20.31,0.039090593995060985,0.039090593995060985,0.039090593995060985,0.0037064109589041096,0.035384183036156876
1994-08-31,0.03454299014454687,1.1269999999999998,-0.14517472304250223,17.14,0.04303003137606454,0.04303003137606454,0.04303003137606454,0.0039705479452054795,0.039059483430859056
1994-09-30,-0.03160151322906968,1.0709999999999997,-0.16734907183988756,17.76,-0.024914801970797873,-0.024914801970797873,-0.024914801970797873,0.004025753424657534,-0.028940555395455408
1994-10-31,0.03140523274362694,1.0620000000000003,-0.20690190942120967,18.23,0.037512299114463854,0.037512299114463854,0.037512299114463854,0.004340849315068493,0.03317144979939536
1994-11-30,-0.043018463654326045,0.6820000000000004,-0.48260634447345296,18.06,-0.03684751254593588,-0.03684751254593588,-0.03684751254593588,0.0044613698630136985,-0.041308882408949574
1994-12-31,0.01287844528023907,0.13200000000000056,-0.36380723517604263,17.36,0.01728240579293927,0.01728240579293927,0.01728240579293927,0.004737479452054795,0.012544926340884475
1995-01-31,0.016552517157835567,0.38900000000000023,0.3855473629599375,17.95,0.026244416885958355,0.026244416885958355,0.026244416885958355,0.005021150684931507,0.02122326620102685
1995-02-28,0.029217764643433064,0.44399999999999995,-0.20918911227752357,18.71,0.03863989153714664,0.03863989153714664,0.03863989153714664,0.004515287671232876,0.03412460386591377
1995-03-31,0.023681045506663168,0.46699999999999964,-0.25661182323502096,18.65,0.032245859306273994,0.032245859306273994,0.032245859306273994,0.0049549041095890405,0.02729095519668495
1995-04-30,0.016147122642573564,0.4889999999999999,0.4865606818066244,20.38,0.025905358844659387,0.025905358844659387,0.025905358844659387,0.0048213698630136985,0.02108398898164569
1995-05-31,0.013832116887416923,0.5010000000000003,0.6210300380763636,18.68,0.021383591621633835,0.021383591621633835,0.021383591621633835,0.004954054794520548,0.01642953682711329
1995-06-30,0.04372085209673093,0.43400000000000016,0.7345732985343583,17.43,0.0523834926409501,0.0523834926409501,0.0523834926409501,0.004546027397260274,0.04783746524368983
1995-07-31,0.015742193241056857,0.5840000000000005,0.12959219275796974,17.43,0.022901968605356426,0.022901968605356426,0.022901968605356426,0.004733232876712329,0.0181687357286441
1995-08-31,-0.008579652247623581,0.5350000000000001,0.26637803628284695,19.98,-7.311426134293253e-05,-7.311426134293253e-05,-7.311426134293253e-05,0.004662739726027398,-0.00473585398737033
1995-09-30,0.039632375589208735,0.40000000000000036,0.11583806699590582,17.3,0.048575792535300755,0.048575792535300755,0.048575792535300755,0.004392328767123288,0.044183463768177465
1995-10-31,-0.005704713457593602,0.4169999999999998,0.10751357640077774,17.53,0.005012977956843301,0.005012977956843301,0.005012977956843301,0.004591397260273972,0.00042158069656932865
1995-11-30,0.03024632936756433,0.46200000000000063,0.026671684748629687,17.83,0.036249537436783275,0.036249537436783275,0.036249537436783275,0.0044991780821917815,0.031750359354591494
1995-12-31,0.01747758705080482,0.39700000000000024,0.07568218195806642,19.58,0.02465516984837879,0.02465516984837879,0.02465516984837879,0.0043170684931506855,0.0203381013552281
1996-01-31,0.001042209578443476,0.5780000000000003,0.08138255131058836,17.73,0.013003891728624595,0.013003891728624595,0.013003891728624595,0.004325561643835617,0.008678330084788978
1996-02-29,0.0496292503775555,0.8769999999999998,0.10098327721533717,20.73,0.06042187802378174,0.06042187802378174,0.06042187802378174,0.003939232876712329,0.05648264514706941
1996-03-31,-0.0335729480409972,0.5840000000000005,0.12983702741629966,21.48,-0.020946407207889206,-0.020946407207889206,-0.020946407207889206,0.00435358904109589,-0.025299996248985095
1996-04-30,0.004131180506095067,0.641,0.01137787189046957,22.33,0.013738350017259204,0.013738350017259204,0.013738350017259204,0.004181095890410959,0.009557254126848245
1996-05-31,0.04024858424521316,0.5969999999999995,-0.07539253620761688,21.63,0.0490806319803867,0.0490806319803867,0.0490806319803867,0.004374821917808219,0.04470581006257848
1996-06-30,-0.013746703904967461,0.593,-0.07274608706913899,20.93,-0.005959220237979346,-0.005959220237979346,-0.005959220237979346,0.004234520547945206,-0.010193740785924551
1996-07-31,-0.05554253971978396,0.6180000000000003,-0.02792097281200956,20.13,-0.04690816239902296,-0.04690816239902296,-0.04690816239902296,0.004479287671232877,-0.05138745007025583
1996-08-31,0.03510804534251477,0.6639999999999997,-0.09664362834433815,22.28,0.04367368752826395,0.04367368752826395,0.04367368752826395,0.004365479452054794,0.039308208076209154
1996-09-30,0.027141580989047398,0.6200000000000001,-0.027803892682106035,24.6,0.03821559873949587,0.03821559873949587,0.03821559873949587,0.004130958904109589,0.03408463983538628
1996-10-31,0.009600920437371041,0.6659999999999995,0.04901999692675618,24.83,0.018521446051308565,0.018521446051308565,0.018521446051308565,0.004337452054794521,0.014183993996514044
1996-11-30,0.05784366304258315,0.45699999999999985,0.09271416835713531,24.35,0.06757310486124046,0.06757310486124046,0.06757310486124046,0.004238630136986301,0.06333447472425416
1996-12-31,0.008343988446962936,0.5019999999999998,0.07369930056609375,25.23,0.01545180687858383,0.01545180687858383,0.01545180687858383,0.0043315068493150685,0.01112030002926876
1997-01-31,0.015338420656596075,0.6160000000000005,-0.017829686929637933,23.83,0.02433981822451048,0.02433981822451048,0.02433981822451048,0.004375671232876713,0.019964146991633767
1997-02-28,0.03381717748650459,0.5440000000000005,-0.015656757307802138,21.63,0.04380496586734961,0.04380496586734961,0.04380496586734961,0.003896219178082191,0.039908746689267416
1997-03-31,-0.044834267617782864,0.4980000000000002,-0.06370267772076055,20.7,-0.03423212066675241,-0.03423212066675241,-0.03423212066675241,0.0044979726027397264,-0.03873009326949214
1997-04-30,-0.01668531762671943,0.45199999999999996,0.02535741990590079,19.83,-0.009334183744211133,-0.009334183744211133,-0.009334183744211133,0.004344657534246575,-0.013678841278457709
1997-05-31,0.10069775296925121,0.5380000000000003,-0.00154127409637006,21.28,0.11216423508862294,0.11216423508862294,0.11216423508862294,0.004374821917808219,0.10778941317081472
1997-06-30,0.03605448359523189,0.4330000000000007,0.018011080145612368,19.48,0.04607438952566478,0.04607438952566478,0.04607438952566478,0.004209041095890411,0.04186534842977437
1997-07-31,0.05221315473309307,0.351,0.013909434298128964,19.65,0.061426302872816585,0.061426302872816585,0.061426302872816585,0.004429178082191781,0.056997124790624805
1997-08-31,-0.053084072362014734,0.44700000000000006,0.13128516403558432,19.63,-0.04247534852091128,-0.04247534852091128,-0.04247534852091128,0.0044164383561643835,-0.04689178687707567
1997-09-30,0.04115054397737028,0.2859999999999996,0.026587103263219003,20.88,0.05110176794219856,0.05110176794219856,0.05110176794219856,0.004045479452054794,0.04705628849014377
1997-10-31,-0.008728178863228742,0.24800000000000022,-0.00606608236121664,20.78,-0.0003243257852512116,-0.0003243257852512116,-0.0003243257852512116,0.004347643835616438,-0.00467196962086765
1997-11-30,0.014475235550809096,0.06299999999999972,-0.004982582725304496,19.18,0.02168280560724911,0.02168280560724911,0.02168280560724911,0.004257534246575343,0.017425271360673768
1997-12-31,-0.016193837574826286,0.07200000000000006,-0.031059179246704094,18.2,-0.011290514644591298,-0.011290514644591298,-0.011290514644591298,0.004543835616438356,-0.015834350261029653
1998-01-31,0.015183796493175805,0.28300000000000036,0.029315788788672137,15.63,0.02304854602795081,0.02304854602795081,0.02304854602795081,0.004357835616438356,0.018690710411512455
1998-02-28,0.06595860017666944,0.21699999999999964,0.08749352129434662,16.15,0.07620800013952711,0.07620800013952711,0.07620800013952711,0.00398827397260274,0.07221972616692438
1998-03-31,0.048526455106582045,0.05099999999999927,0.038504302293436155,16.78,0.05898129841506505,0.05898129841506505,0.05898129841506505,0.004375671232876713,0.05460562718218834
1998-04-30,0.001112671320453007,0.09700000000000042,0.035045889203611846,13.08,0.0082522897521633,0.0082522897521633,0.0082522897521633,0.0041169863013698635,0.004135303450793436
1998-05-31,-0.025421007439053955,0.05600000000000005,0.04144208434345176,15.2,-0.016855190313388224,-0.016855190313388224,-0.016855190313388224,0.004252520547945205,-0.02110771086133343
1998-06-30,0.03335912684232589,-0.06700000000000017,0.0061723036796101916,14.13,0.04066430718997127,0.04066430718997127,0.04066430718997127,0.0040980821917808215,0.03656622499819045
1998-07-31,-0.00034154351727755383,0.004999999999999893,0.0018794105573838316,13.78,0.005833855648232911,0.005833855648232911,0.005833855648232911,0.004305178082191781,0.0015286775660411298
1998-08-31,-0.1148476015726807,0.13099999999999934,-0.03970836365413488,13.5,-0.10164966851765811,-0.10164966851765811,-0.10164966851765811,0.004129369863013699,-0.1057790383806718
1998-09-30,0.00364824318259771,0.1200000000000001,0.07809438099045352,15.58,0.010215976161354057,0.010215976161354057,0.010215976161354057,0.0036846575342465745,0.006531318627107482
1998-10-31,0.03207811308332387,0.5390000000000006,0.06374181192362549,13.85,0.04065380880602287,0.04065380880602287,0.04065380880602287,0.003302986301369863,0.03735082250465301
1998-11-30,0.10380360338001582,0.18299999999999983,0.044467721700868434,11.18,0.11680259864992015,0.11680259864992015,0.11680259864992015,0.0037232876712328766,0.11307931097868727
1998-12-31,0.022910857920348082,0.10999999999999943,0.027259935086330067,10.98,0.027949659150498185,0.027949659150498185,0.027949659150498185,0.0038737260273972603,0.024075933123100926
1999-01-31,0.03100928041580353,0.04400000000000048,0.006145776560427141,12.75,0.04081008008978215,0.04081008008978215,0.04081008008978215,0.003776904109589041,0.03703317598019311
1999-02-28,-0.04158845769490016,0.1479999999999997,-0.03732265907786969,12.28,-0.03468770932379217,-0.03468770932379217,-0.03468770932379217,0.0035724931506849315,-0.038260202474477104
1999-03-31,0.03126033492769498,0.21999999999999975,-0.06307139907268233,16.18,0.04007392639178953,0.04007392639178953,0.04007392639178953,0.0038227671232876712,0.03625115926850186
1999-04-30,0.03884778050578719,0.23900000000000077,0.002184636711773269,18.23,0.052260567322337526,0.052260567322337526,0.052260567322337526,0.0036353424657534247,0.048625224856584104
1999-05-31,-0.03926509667793532,0.3099999999999996,-0.00458084001425485,16.83,-0.03298837705597457,-0.03298837705597457,-0.03298837705597457,0.003936575342465753,-0.036924952398440326
1999-06-30,-0.0022614433707364157,0.3310000000000004,0.0021129052824773176,18.08,0.0022868291434785526,0.0022868291434785526,0.0022868291434785526,0.00392958904109589,-0.0016427598976173378
1999-07-31,0.02373421397934994,0.29800000000000004,0.018552496064172974,20.48,0.03183087355404868,0.03183087355404868,0.03183087355404868,0.003919589041095891,0.027911284512952786
1999-08-31,-0.014328834564413917,0.28200000000000003,-0.02946503583921789,21.28,-0.005971857120766977,-0.005971857120766977,-0.005971857120766977,0.004220246575342466,-0.010192103696109442
1999-09-30,-0.06218147667478169,0.23299999999999965,-0.08269356189363553,25.38,-0.05130997234139867,-0.05130997234139867,-0.05130997234139867,0.00392958904109589,-0.055239561382494556
1999-10-31,0.055086645690868075,0.2160000000000002,-0.06519849837150993,21.75,0.06516313740665791,0.06516313740665791,0.06516313740665791,0.004325561643835617,0.060837575762822296
1999-11-30,0.04082003036414017,0.12899999999999956,-0.08088574269172666,27.28,0.04792531950726153,0.04792531950726153,0.04792531950726153,0.004340547945205479,0.043584771562056056
1999-12-31,0.025688375938409003,0.20699999999999985,-0.011538849487881198,25.63,0.03161036892964275,0.03161036892964275,0.03161036892964275,0.004557424657534247,0.027052944272108505
2000-01-31,-0.07000087154603385,0.09699999999999953,-0.0032035264287761933,27.23,-0.05839280933692559,-0.05839280933692559,-0.05839280933692559,0.004777397260273973,-0.06317020659719956
2000-02-29,-0.02876799448420586,0.041999999999999815,-0.04184770957711459,30.23,-0.016838112752140755,-0.016838112752140755,-0.016838112752140755,0.0045939178082191785,-0.021432030560359933
2000-03-31,0.10316981750281107,-0.41000000000000014,0.08871743131844356,27.93,0.1243739463224347,0.1243739463224347,0.1243739463224347,0.004994821917808219,0.11937912440462649
2000-04-30,-0.0720885452551463,-0.46699999999999964,0.08720943952279958,25.73,-0.06275582795228196,-0.06275582795228196,-0.06275582795228196,0.004777808219178082,-0.06753363617146005
2000-05-31,-0.06909471181194515,-0.36799999999999944,-0.1338987872121047,30.0,-0.06043895090849649,-0.06043895090849649,-0.06043895090849649,0.004914136986301369,-0.06535308789479786
2000-06-30,0.049384504412851804,-0.3490000000000002,-0.01987476764239471,34.65,0.06196227329644133,0.06196227329644133,0.06196227329644133,0.004799178082191781,0.057163095214249546
2000-07-31,-0.024413118960818547,-0.27700000000000014,-0.04338664606430109,28.18,-0.015240664398170845,-0.015240664398170845,-0.015240664398170845,0.00525131506849315,-0.020491979466663993
2000-08-31,0.059296939756964484,-0.31700000000000017,0.03808686924702842,32.83,0.0670164659183421,0.0670164659183421,0.0670164659183421,0.005341342465753425,0.061675123452588666
2000-09-30,-0.042963910065490385,-0.20699999999999985,0.06798887643108431,32.73,-0.031651491103500184,-0.031651491103500184,-0.031651491103500184,0.005060547945205479,-0.036712039048705666
2000-10-31,-0.05269496504079241,-0.23900000000000077,-0.03289760691338239,32.73,-0.04288552836270687,-0.04288552836270687,-0.04288552836270687,0.005366821917808218,-0.04825235028051509
2000-11-30,-0.04436820991172219,-0.2240000000000002,-0.03298999346471465,36.13,-0.037133955637541294,-0.037133955637541294,-0.037133955637541294,0.005219178082191781,-0.04235313371973307
2000-12-31,-0.015577294730904079,-0.05099999999999927,0.0558543441496826,26.83,-0.00862744119142933,-0.00862744119142933,-0.00862744119142933,0.004984630136986302,-0.013612071328415631
2001-01-31,0.00822586192203456,0.43900000000000006,0.0694140792515534,29.78,0.020646850725787314,0.020646850725787314,0.020646850725787314,0.004389260273972603,0.01625759045181471
2001-02-28,-0.08960602163074993,0.6239999999999997,0.0754516554570781,28.83,-0.07679996546237255,-0.07679996546237255,-0.07679996546237255,0.003757369863013698,-0.08055733532538625
2001-03-31,-0.10362660119352896,0.5800000000000001,0.07129649135446625,26.93,-0.09109523380063389,-0.09109523380063389,-0.09109523380063389,0.0036359178082191776,-0.09473115160885306
2001-04-30,0.07977824226524843,1.0440000000000005,0.010072755551691515,28.28,0.09519416994050123,0.09519416994050123,0.09519416994050123,0.0031578082191780826,0.09203636172132315
2001-05-31,0.01444530227068297,1.2389999999999999,0.027400730182418176,27.96,0.02485151504983052,0.02485151504983052,0.02485151504983052,0.0031356712328767123,0.02171584381695381
2001-06-30,-0.048389117106061974,1.2250000000000005,0.05414726043274065,26.63,-0.04031877832202635,-0.04031877832202635,-0.04031877832202635,0.00283972602739726,-0.04315850434942361
2001-07-31,-0.01671950827687585,1.245,0.026478882052403563,27.03,-0.012801004428492413,-0.012801004428492413,-0.012801004428492413,0.003017616438356164,-0.015818620866848578
2001-08-31,-0.014552129059740793,1.275,0.007824217824526691,28.25,-0.009759806462761311,-0.009759806462761311,-0.009759806462761311,0.002913150684931507,-0.012672957147692818
2001-09-30,-0.1269783768643835,1.7510000000000003,0.1580383911416443,23.43,-0.11017150276065701,-0.11017150276065701,-0.11017150276065701,0.001948767123287671,-0.11212026988394469
2001-10-31,0.05602368116364431,1.9340000000000002,-0.059998494855936446,22.08,0.0589192772171212,0.0589192772171212,0.0589192772171212,0.0018345205479452058,0.05708475666917599
2001-11-30,0.03402037788888368,1.8379999999999996,0.06507596005104999,18.73,0.037354480500479736,0.037354480500479736,0.037354480500479736,0.0016372602739726028,0.03571722022650713
2001-12-31,0.01375756230392211,2.056,0.007329832031942818,20.43,0.014971471010404747,0.014971471010404747,0.014971471010404747,0.0014565753424657536,0.013514895667938993
2002-01-31,-0.027601160471036223,1.9649999999999999,-0.07184959899577015,19.73,-0.021079367759683998,-0.021079367759683998,-0.021079367759683998,0.0014608219178082191,-0.022540189677492217
2002-02-28,-0.03812588638207126,1.9279999999999995,-0.02689285929930252,21.08,-0.02964778432225168,-0.02964778432225168,-0.02964778432225168,0.0013470684931506849,-0.030994852815402364
2002-03-31,0.04287883070734111,1.7650000000000001,-0.11487861569762359,26.33,0.054644707555450145,0.054644707555450145,0.054644707555450145,0.001534712328767123,0.05310999522668302
2002-04-30,-0.05921628519746758,1.9,-0.17565058204118866,27.13,-0.04868807326562996,-0.04868807326562996,-0.04868807326562996,0.0014391780821917805,-0.05012725134782174
2002-05-31,0.0035340326571913216,1.9099999999999997,0.07814380486156125,26.63,0.0073161638495866654,0.0073161638495866654,0.0073161638495866654,0.0014871506849315065,0.0058290131646551585
2002-06-30,-0.09220682684456216,1.9999999999999996,-0.048573908648589015,26.88,-0.0832353081289462,-0.0832353081289462,-0.0832353081289462,0.0013972602739726028,-0.0846325684029188
2002-07-31,-0.13854104038400994,2.2459999999999996,0.027718629556273022,26.58,-0.12486859198561007,-0.12486859198561007,-0.12486859198561007,0.0014387397260273974,-0.12630733171163747
2002-08-31,0.0882695499225905,2.0570000000000004,0.01583101121979924,29.93,0.10030328497825836,0.10030328497825836,0.10030328497825836,0.001409013698630137,0.09889427127962822
2002-09-30,-0.11952951768992959,1.8770000000000002,-0.2695758314839023,30.53,-0.10660617029755581,-0.10660617029755581,-0.10660617029755581,0.0013463013698630135,-0.10795247166741882
2002-10-31,0.06433642080160773,2.1499999999999995,0.16854371805953416,26.98,0.07261575633668649,0.07261575633668649,0.07261575633668649,0.001399671232876712,0.07121608510380978
2002-11-30,0.024274230024750043,2.1060000000000003,0.0095787520165036,26.68,0.028803125934076412,0.028803125934076412,0.028803125934076412,0.001005205479452055,0.027797920454624356
2002-12-31,-0.05193971734272784,2.265,-0.09912652551153567,32.73,-0.04769002745355644,-0.04769002745355644,-0.04769002745355644,0.0009953972602739726,-0.04868542471383041
2003-01-31,-0.024726340364207733,2.288,0.0319943556148643,35.03,-0.01586887507406054,-0.01586887507406054,-0.01586887507406054,0.0009784109589041096,-0.016847286032964648
2003-02-28,-0.026429851009799776,2.285,0.013857331452808097,36.88,-0.014291683327567473,-0.014291683327567473,-0.014291683327567473,0.0009228493150684932,-0.015214532642635966
2003-03-31,0.006296235749689405,2.387,0.02245422981758116,30.18,0.01794472096118427,0.01794472096118427,0.01794472096118427,0.0009911506849315068,0.01695357027625276
2003-04-30,0.03466675940530228,2.367,0.09671259854238068,26.28,0.03754930977508919,0.03754930977508919,0.03754930977508919,0.0009427397260273973,0.036606570049061794
2003-05-31,0.04462338868784643,1.9689999999999999,0.07709537571845981,29.88,0.0485113434806812,0.0485113434806812,0.0485113434806812,0.0009172602739726029,0.0475940832067086
2003-06-30,0.03723247751973702,2.2270000000000003,0.021856133131383793,29.28,0.04501564043463935,0.04501564043463935,0.04501564043463935,0.0007158904109589042,0.044299750023680445
2003-07-31,0.01589517098582638,2.707,0.001428724282523941,30.53,0.021819871837792437,0.021819871837792437,0.021819871837792437,0.0007873150684931507,0.021032556769299285
2003-08-31,0.002043684451253025,2.5,0.026238043175462522,31.78,0.011864151990656824,0.011864151990656824,0.011864151990656824,0.0008306301369863014,0.011033521853670522
2003-09-30,-0.014653218483600572,2.4779999999999998,-0.12274596132819893,28.18,-0.006590099613355549,-0.006590099613355549,-0.006590099613355549,0.0007791780821917808,-0.007369277695547329
2003-10-31,0.030561062541598183,2.502,-0.14547226293466364,30.08,0.03488314128496661,0.03488314128496661,0.03488314128496661,0.0008093972602739726,0.03407374402469264
2003-11-30,0.03237381685243834,2.3100000000000005,-0.14009902108949568,30.33,0.03647890559577882,0.03647890559577882,0.03647890559577882,0.0007701369863013699,0.03570876860947745
2003-12-31,0.027580788188512173,2.4119999999999995,-0.07934512998247278,32.78,0.03206697959081528,0.03206697959081528,0.03206697959081528,0.0007397534246575343,0.03132722616615775
2004-01-31,0.028872631765593848,2.4050000000000002,-0.09187410540750784,35.03,0.039553580397440946,0.039553580397440946,0.039553580397440946,0.0007397534246575343,0.03881382697278341
2004-02-29,0.0005361109112089757,2.362,0.0037174906468142588,36.18,0.012698423276333193,0.012698423276333193,0.012698423276333193,0.0007532054794520546,0.011945217796881138
2004-03-31,-0.03915486791865286,2.306,0.05018307068651806,35.73,-0.026930809042960968,-0.026930809042960968,-0.026930809042960968,0.0007958082191780822,-0.02772661726213905
2004-04-30,0.01814788641519316,2.226,0.006374183716894688,37.13,0.02707765552407171,0.02707765552407171,0.02707765552407171,0.0007873972602739725,0.026290258263797738
2004-05-31,-0.027668339140149545,2.1419999999999995,0.04436700615457134,39.9,-0.014732510288065881,-0.014732510288065881,-0.014732510288065881,0.0009002739726027397,-0.015632784260668622
2004-06-30,0.0037309733769776976,1.9489999999999998,-0.12388211292630924,37.15,0.012673962075014478,0.012673962075014478,0.012673962075014478,0.001052054794520548,0.01162190728049393
2004-07-31,-0.04861398940360928,1.7840000000000003,-0.1354261465792308,41.53,-0.04333350931144164,-0.04333350931144164,-0.04333350931144164,0.0011346849315068495,-0.04446819424294849
2004-08-31,0.014813231165669904,1.7800000000000002,-0.1506977482889682,43.18,0.02294307344749691,0.02294307344749691,0.02294307344749691,0.0013053972602739725,0.021637676187222937
2004-09-30,-0.0074000503984223975,1.4409999999999998,0.266084044541842,48.81,0.00046192179697679414,0.00046192179697679414,0.00046192179697679414,0.0014054794520547945,-0.0009435576550780003
2004-10-31,0.005326909262840296,1.4829999999999997,0.12948157349255274,51.77,0.017834755530391933,0.017834755530391933,0.017834755530391933,0.0016086027397260274,0.016226152790665905
2004-11-30,0.041782807850406556,1.2200000000000002,0.06470089221524011,49.27,0.04895436003390552,0.04895436003390552,0.04895436003390552,0.0017802739726027396,0.04717408606130278
2004-12-31,0.02748396461060576,1.21,0.0598712318050012,43.99,0.02981051196176776,0.02981051196176776,0.02981051196176776,0.001865095890410959,0.027945416071356803
2005-01-31,-0.03399370224978471,0.9089999999999998,-0.007064896059774117,48.85,-0.024582752226087745,-0.024582752226087745,-0.024582752226087745,0.002065534246575342,-0.026648286472663086
2005-02-28,0.022346413226121964,0.766,-0.0978154468019845,50.95,0.03417393353759124,0.03417393353759124,0.03417393353759124,0.0020505205479452054,0.032123412989646036
2005-03-31,-0.043483370524263876,0.7520000000000002,-0.09339189079406296,51.1,-0.02975387420237008,-0.02975387420237008,-0.02975387420237008,0.002401013698630137,-0.03215488790100021
2005-04-30,-0.023686407575073343,0.649,-0.10413211398090683,54.4,-0.011487341375724935,-0.011487341375724935,-0.011487341375724935,0.002353150684931507,-0.013840492060656443
2005-05-31,0.03726219628882088,0.4620000000000002,-0.26695634538116986,51.85,0.04382207578253694,0.04382207578253694,0.04382207578253694,0.00248,0.04134207578253694
2005-06-30,-0.008147757837149605,0.33999999999999986,0.13649336457357863,59.65,-0.0022976155788655417,-0.0022976155788655417,-0.0022976155788655417,0.0025101369863013696,-0.004807752565166912
2005-07-31,0.028132435735984007,0.2710000000000008,0.07072500855307284,60.57,0.040110734222654765,0.040110734222654765,0.040110734222654765,0.0028783287671232875,0.03723240545553148
2005-08-31,-0.032987705479221585,0.1589999999999998,0.021181017629650523,66.14,-0.02225504533489331,-0.02225504533489331,-0.02225504533489331,0.00297854794520548,-0.02523359328009879
2005-09-30,-0.008997410792611849,0.21800000000000086,-0.007797545307040021,64.37,0.008423798427118934,0.008423798427118934,0.008423798427118934,0.0028356164383561647,0.005588181988762769
2005-10-31,-0.019587223977393098,0.18799999999999972,0.01963019200071381,61.23,-0.010943113017528705,-0.010943113017528705,-0.010943113017528705,0.0032936438356164386,-0.014236756853145145
2005-11-30,0.0591951600489522,0.10899999999999999,-0.042963060734450664,58.47,0.058197217906651666,0.058197217906651666,0.058197217906651666,0.003234246575342466,0.0549629713313092
2005-12-31,0.0017042193451559662,0.009999999999999787,0.029498705906018774,58.09,0.003095045093559845,0.003095045093559845,0.003095045093559845,0.003381123287671233,-0.00028607819411138793
2006-01-31,0.0021755907396534546,0.0129999999999999,0.12771726142777995,67.77,0.01658595025910259,0.01658595025910259,0.01658595025910259,0.003754821917808219,0.01283112834129437
2006-02-28,-0.0020568000289471478,-0.14900000000000002,0.050702420642644075,62.52,0.005511640317523936,0.005511640317523936,0.005511640317523936,0.003510356164383561,0.002001284153140375
2006-03-31,0.0010289288176754674,-0.02799999999999958,0.014918395901217352,63.96,0.012151467657359527,0.012151467657359527,0.012151467657359527,0.003930630136986301,0.008220837520373225
2006-04-30,-0.008340994459701268,0.19399999999999995,0.0676108469259602,71.89,0.007089738722918515,0.007089738722918515,0.007089738722918515,0.003910684931506849,0.0031790537914116656
2006-05-31,-0.03304645009058049,0.11500000000000021,-0.033971796763554885,71.37,-0.02206861391857562,-0.02206861391857562,-0.02206861391857562,0.004088602739726027,-0.026157216658301646
2006-06-30,-0.03293961898367925,-0.025000000000000355,0.01134431677417247,70.54,-0.02481275355567203,-0.02481275355567203,-0.02481275355567203,0.004016712328767123,-0.028829465884439152
2006-07-31,0.01769434479831311,-0.0039999999999995595,0.02364485287825424,73.25,0.028378635834994448,0.028378635834994448,0.028378635834994448,0.0042924383561643836,0.024086197478830063
2006-08-31,0.005093744051878346,-0.06700000000000017,-0.01075353474357943,72.17,0.013131371784555812,0.013131371784555812,0.013131371784555812,0.0043102739726027395,0.008821097811953072
2006-09-30,0.015619506838232322,-0.0860000000000003,-0.025561775880177606,60.11,0.016825781518659877,0.016825781518659877,0.016825781518659877,0.004016712328767123,0.012809069189892754
2006-10-31,0.04638582347151399,-0.07599999999999962,0.037440759233282606,60.76,0.04973333655423051,0.04973333655423051,0.04973333655423051,0.004323013698630137,0.04541032285560037
2006-11-30,0.020609701359109334,-0.1900000000000004,0.04891051536523028,58.45,0.025650991061018313,0.025650991061018313,0.025650991061018313,0.004132602739726027,0.021518388321292287
2006-12-31,0.0026422118034954423,-0.1120000000000001,0.03869305484070562,61.06,0.011983705949223156,0.011983705949223156,0.011983705949223156,0.00422958904109589,0.007754116908127265
2007-01-31,0.0012993963457876845,-0.09399999999999942,-0.0176804133200541,55.43,0.010624853732740469,0.010624853732740469,0.010624853732740469,0.004349342465753425,0.006275511266987044
2007-02-28,0.013354271072123058,-0.1280000000000001,-0.0261803820483415,60.53,0.02503363818958304,0.02503363818958304,0.02503363818958304,0.003964493150684932,0.021069145038898108
2007-03-31,-0.024183038281104352,0.016000000000000014,0.048353303385538116,61.49,-0.009038852082431714,-0.009038852082431714,-0.009038852082431714,0.004270356164383561,-0.013309208246815276
2007-04-30,0.02361758731890795,0.0389999999999997,0.07916735952010878,66.47,0.03817458850970801,0.03817458850970801,0.03817458850970801,0.004038082191780822,0.03413650631792718
2007-05-31,-0.00018855472856849076,0.016000000000000014,0.015788306575343913,64.76,0.011820861022825868,0.011820861022825868,0.011820861022825868,0.004128520547945206,0.007692340474880662
2007-06-30,-0.014052642948999328,0.22100000000000009,-0.016573806802421487,68.9,-0.006163490116256609,-0.006163490116256609,-0.006163490116256609,0.003848219178082192,-0.0100117092943388
2007-07-31,-0.03467340862360535,0.2370000000000001,-0.03172042446299894,77.03,-0.02718364475991919,-0.02718364475991919,-0.02718364475991919,0.0041047397260273975,-0.03128838448594659
2007-08-31,0.014310670392455371,0.33699999999999974,0.09734291232067882,71.39,0.019004524886877983,0.019004524886877983,0.019004524886877983,0.003335260273972603,0.01566926461290538
2007-09-30,0.024180265295318915,0.621,-0.023328257995163693,81.67,0.03552165988804856,0.03552165988804856,0.03552165988804856,0.003018082191780822,0.032503577696267744
2007-10-31,0.003195498591641144,0.6320000000000001,-0.08659840075979863,91.87,0.011662042604074996,0.011662042604074996,0.011662042604074996,0.003325068493150685,0.008336974110924312
2007-11-30,-0.07216115438057624,0.9349999999999996,-0.030088467168075006,98.18,-0.05868056708390068,-0.05868056708390068,-0.05868056708390068,0.0025545205479452055,-0.06123508763184589
2007-12-31,0.022204295226512905,0.9729999999999999,-0.03907877888781819,96.01,0.028781444433471304,0.028781444433471304,0.028781444433471304,0.002626931506849315,0.02615451292662199
2008-01-31,-0.1102702034559524,1.3809999999999998,-0.01566211378829596,90.71,-0.09515581215686819,-0.09515581215686819,-0.09515581215686819,0.0018701917808219175,-0.0970260039376901
2008-02-29,0.012185276056453365,1.8019999999999998,0.1593148576491772,98.91,0.02041264821335642,0.02041264821335642,0.02041264821335642,0.001716958904109589,0.01869568930924683
2008-03-31,-0.04113216622755722,1.789,0.06137641003365868,105.63,-0.02571027544601856,-0.02571027544601856,-0.02571027544601856,0.0010956164383561643,-0.026805891884374725
2008-04-30,0.04915940529572671,1.4440000000000004,-0.07057116685044473,121.57,0.06197262543288873,0.06197262543288873,0.06197262543288873,0.0011235616438356165,0.06084906378905311
2008-05-31,-0.02365116984709159,1.415,-0.006446198790698965,131.6,-0.010529514221184422,-0.010529514221184422,-0.010529514221184422,0.0015780273972602738,-0.012107541618444696
2008-06-30,-0.07890262237897794,1.3320000000000003,-0.03841408142691316,140.21,-0.061252469370138396,-0.061252469370138396,-0.061252469370138396,0.001347123287671233,-0.06259959265780964
2008-07-31,-0.02633860779873176,1.395,0.030961678253294433,123.26,-0.016376679073241696,-0.016376679073241696,-0.016376679073241696,0.0014786575342465753,-0.01785533660748827
2008-08-31,0.020804881721840918,1.451,-0.1512676761824565,115.96,0.0227560182990858,0.0227560182990858,0.0227560182990858,0.001465917808219178,0.021290100490866624
2008-09-30,-0.060186633635114006,1.827,0.11656865540718897,106.89,-0.05530421156933385,-0.05530421156933385,-0.05530421156933385,0.0006928767123287672,-0.05599708828166262
2008-10-31,-0.32218275967840126,2.1449999999999996,0.18141797581822017,63.05,-0.2791740182726369,-0.2791740182726369,-0.2791740182726369,0.0007465479452054793,-0.27992056621784234
2008-11-30,0.03422493925851411,1.92,0.04286051667138402,49.77,0.021709949955068586,0.021709949955068586,0.021709949955068586,2.9589041095890407e-05,0.021680360913972695
2008-12-31,-0.012976831074359207,1.249,0.22331960788420258,32.35,-0.017888751909029055,-0.017888751909029055,-0.017888751909029055,1.6986301369863014e-05,-0.017905738210398918
2009-01-31,-0.05137784963618408,1.8130000000000002,0.05957778165714478,45.47,-0.04097813949654128,-0.04097813949654128,-0.04097813949654128,8.578082191780824e-05,-0.04106392031845908
2009-02-28,-0.08154506113174964,1.8270000000000002,-0.08654475831744834,38.94,-0.06969265994107943,-0.06969265994107943,-0.06969265994107943,0.00021019178082191785,-0.06990285172190135
2009-03-31,0.04964454863743306,1.895,-0.00776338655343789,52.38,0.05889937463513384,0.05889937463513384,0.05889937463513384,0.00011635616438356165,0.05878301847075028
2009-04-30,0.057596925269355115,2.048,-0.062437405314379024,50.8,0.06601883986117985,0.06601883986117985,0.06601883986117985,8.712328767123288e-05,0.06593171657350862
2009-05-31,0.05432367020817219,2.5429999999999997,0.06421422823135625,66.31,0.06320645905421007,0.06320645905421007,0.06320645905421007,0.00011635616438356165,0.06309010288982651
2009-06-30,-0.011331179258406543,2.449,-0.013333302804770852,69.16,0.00020296894575122515,0.00020296894575122515,0.00020296894575122515,0.00015452054794520546,4.844839780601969e-05
2009-07-31,0.06639459258690161,2.656,-0.0666844588063138,66.55,0.07003806644834443,0.07003806644834443,0.07003806644834443,0.00015967123287671234,0.06987839521546771
2009-08-31,0.04472264457266073,2.4290000000000003,-0.024401635225773877,72.74,0.05086419430148381,0.05086419430148381,0.05086419430148381,0.00011890410958904111,0.05074529019189477
2009-09-30,0.016510168196699038,2.338,-0.12208740800747275,66.02,0.019278757895391907,0.019278757895391907,0.019278757895391907,8.301369863013699e-05,0.01919574419676177
2009-10-31,0.0333354297267614,2.476,-0.15832917719574624,80.5,0.036714023187804035,0.036714023187804035,0.036714023187804035,5.1808219178082194e-05,0.036662214968625956
2009-11-30,0.007336704622420864,2.522,-0.0483124297936941,76.91,0.009466657636780784,0.009466657636780784,0.009466657636780784,2.301369863013699e-05,0.009443643938150647
2009-12-31,0.0382451436123481,2.8360000000000003,-0.4892058723371826,77.05,0.03812699079421744,0.03812699079421744,0.03812699079421744,4.0767123287671235e-05,0.03808622367092977
2010-01-31,-0.047980842978253335,2.7720000000000002,-0.5095029227701509,72.89,-0.04255139800898555,-0.04255139800898555,-0.04255139800898555,6.454794520547944e-05,-0.042615945954191034
2010-02-28,0.03148504317397505,2.803,0.09893506087793202,79.66,0.03347859899341166,0.03347859899341166,0.03347859899341166,9.512328767123288e-05,0.03338347570574043
2010-03-31,0.05031359120182621,2.845,-0.4207756481526741,80.0,0.0572973310654441,0.0572973310654441,0.0572973310654441,0.00011890410958904111,0.05717842695585506
2010-04-30,0.04212317191316739,2.749,0.18226125989622322,84.42,0.0465057568196896,0.0465057568196896,0.0465057568196896,0.00012904109589041097,0.04637671572379919
2010-05-31,-0.11175245176433313,2.52,-0.026164706449737896,73.97,-0.10240801525444176,-0.10240801525444176,-0.10240801525444176,0.00013758904109589042,-0.10254560429553765
2010-06-30,-0.01047190906452844,2.49,0.055612733162664796,78.86,-0.008854820401826502,-0.008854820401826502,-0.008854820401826502,0.00011013698630136986,-0.008964957388127873
2010-07-31,0.023295177847183268,2.414,0.029849080498059344,78.98,0.02656235576479271,0.02656235576479271,0.02656235576479271,0.00012909589041095888,0.02643325987438175
2010-08-31,-0.03630416137786474,2.115,0.25477454881595607,75.17,-0.030646539127307082,-0.030646539127307082,-0.030646539127307082,0.00012484931506849314,-0.030771388442375574
2010-09-30,0.0733755590315317,2.163,0.13278909745591028,74.99,0.08019237124519507,0.08019237124519507,0.08019237124519507,0.00012082191780821918,0.08007154932738685
2010-10-31,0.029457770245052917,2.2750000000000004,0.08073237016737567,81.43,0.035132212086812054,0.035132212086812054,0.035132212086812054,0.00010106849315068494,0.03503114359366137
2010-11-30,0.005065731898288739,2.3520000000000003,-0.03674497711437397,83.76,0.008651532749823776,0.008651532749823776,0.008651532749823776,0.0001315068493150685,0.008520025900508708
2010-12-31,0.0485849868613224,2.7809999999999997,0.12804150793934443,92.21,0.05485684322540352,0.05485684322540352,0.05485684322540352,0.00011635616438356165,0.05474048706101996
2011-01-31,0.007671768309139182,2.7969999999999997,0.18143696248067398,89.43,0.016406305206498217,0.016406305206498217,0.016406305206498217,0.00012484931506849314,0.016281455891429725
2011-02-28,0.026886540176565443,2.729,0.033145432370205175,97.89,0.03569681917127765,0.03569681917127765,0.03569681917127765,0.00010126027397260275,0.03559555889730505
2011-03-31,-0.015488126511240097,2.7,0.14598575405690406,105.4,-0.0023749230349017214,-0.0023749230349017214,-0.0023749230349017214,7.558904109589041e-05,-0.002450512075997612
2011-04-30,0.011761353208507241,2.7359999999999998,0.06399142623467258,112.29,0.021984370794546404,0.021984370794546404,0.021984370794546404,4.602739726027398e-05,0.02193834339728613
2011-05-31,-0.010668348330217903,2.605,0.0269027411225915,100.59,-0.0008286734640595705,-0.0008286734640595705,-0.0008286734640595705,3.906849315068493e-05,-0.0008677419572102555
2011-06-30,-0.05019887230420039,2.5340000000000003,0.10765968850340268,91.16,-0.04590795686415294,-0.04590795686415294,-0.04590795686415294,1.4794520547945204e-05,-0.04592275138470089
2011-07-31,0.012194956662605616,2.4459999999999997,0.2515288311409063,95.7,0.018759496444340718,0.018759496444340718,0.018759496444340718,8.408219178082191e-05,0.018675414252559894
2011-08-31,-0.10136831172944483,1.994,0.17786293718269253,85.37,-0.08911543793291266,-0.08911543793291266,-0.08911543793291266,4.246575342465754e-06,-0.08911968450825512
2011-09-30,-0.04095519211908938,1.585,-0.01592945082331454,79.85,-0.03334787629924296,-0.03334787629924296,-0.03334787629924296,4.109589041095891e-06,-0.03335198588828406
2011-10-31,0.11815298518891737,2.0250000000000004,-0.024543240094775154,93.32,0.13090193704600472,0.13090193704600472,0.13090193704600472,8.493150684931507e-06,0.1308934438953198
2011-11-30,-0.10427494628749834,1.68,0.033778631991487895,96.77,-0.09448048060737957,-0.09448048060737957,-0.09448048060737957,1.6438356164383563e-05,-0.09449691896354395
2011-12-31,0.08302027453186156,1.75,0.014841899541214065,99.68,0.09048885708656096,0.09048885708656096,0.09048885708656096,1.6986301369863014e-06,0.09048715845642397
2012-01-31,0.03150578005537952,1.6829999999999998,0.056293630691388596,99.56,0.04442024730219041,0.04442024730219041,0.04442024730219041,4.9260273972602735e-05,0.044370987028217804
2012-02-29,0.028867984000851887,1.677,-0.01980881538414847,109.77,0.040275163156181515,0.040275163156181515,0.040275163156181515,7.865753424657534e-05,0.04019650562193494
2012-03-31,0.008147612188226017,1.884,-0.019451553933900634,106.87,0.022026450997382874,0.022026450997382874,0.022026450997382874,6.454794520547944e-05,0.021961903052177396
2012-04-30,-0.0033319901586157386,1.667,-0.015218637441309024,104.93,0.007279547469072556,0.007279547469072556,0.007279547469072556,7.47945205479452e-05,0.0072047529485246104
2012-05-31,-0.06567528162786207,1.444,-0.0387482343609018,90.86,-0.058686992785814684,-0.058686992785814684,-0.058686992785814684,7.304109589041096e-05,-0.058760033881705094
2012-06-30,0.004633379335995169,1.3659999999999999,-0.013692648392719775,79.76,0.009599143731991555,0.009599143731991555,0.009599143731991555,6.657534246575343e-05,0.009532568389525802
2012-07-31,0.03366680757702856,1.288,-0.1610263681113051,90.13,0.04081609830397048,0.04081609830397048,0.04081609830397048,9.002739726027398e-05,0.04072607090671021
2012-08-31,0.0063206095823820085,1.408,-0.20093008515115107,96.15,0.018285083119874646,0.018285083119874646,0.018285083119874646,8.408219178082191e-05,0.018201000928093822
2012-09-30,0.00976469882287656,1.395,0.08932106315458777,92.19,0.02199801207527119,0.02199801207527119,0.02199801207527119,7.726027397260273e-05,0.021920751801298585
2012-10-31,-0.02234151983331545,1.451,0.04393828853873982,86.28,-0.01655223680270934,-0.01655223680270934,-0.01655223680270934,9.512328767123288e-05,-0.016647360090380574
2012-11-30,0.00026145841652880364,1.4129999999999998,0.02242283464476902,87.38,0.001387871140049235,0.001387871140049235,0.001387871140049235,7.726027397260273e-05,0.0013106108660766323
2012-12-31,-0.006609686760910893,1.462,0.09301068553243796,90.8,-0.0019730358752856336,-0.0019730358752856336,-0.0019730358752856336,8.493150684931507e-06,-0.001981529025970565
2013-01-31,0.06647742971259074,1.667,-0.07212086750704083,95.88,0.07798079367380328,0.07798079367380328,0.07798079367380328,6.454794520547944e-05,0.0779162457285978
2013-02-28,-0.003552051095332409,1.718,-0.05178751970470907,93.13,0.010202550345249639,0.010202550345249639,0.010202550345249639,9.742465753424658e-05,0.010105125687715393
2013-03-31,0.027780918127127574,1.6019999999999999,0.012189690140032017,97.23,0.03774727882363371,0.03774727882363371,0.03774727882363371,6.0301369863013694e-05,0.0376869774537707
2013-04-30,0.006420413986337081,1.4529999999999998,-0.04186093361086085,93.0,0.01077507677892875,0.01077507677892875,0.01077507677892875,4.356164383561644e-05,0.010731515135093133
2013-05-31,0.03302397373432209,1.7639999999999998,-0.017474677016945606,94.15,0.040860468195930144,0.040860468195930144,0.040860468195930144,3.652054794520548e-05,0.040823947647984936
2013-06-30,-0.03541483223465747,2.14,-0.026358329606448017,96.56,-0.026266963528413845,-0.026266963528413845,-0.026266963528413845,2.8767123287671238e-05,-0.026295730651701515
2013-07-31,0.047813962428715495,2.258,-0.02425652225431829,104.7,0.0546678643692553,0.0546678643692553,0.0546678643692553,1.6986301369863014e-05,0.05465087806788544
2013-08-31,-0.02098446728622072,2.44,-0.023987410990037983,106.42,-0.014525620289755348,-0.014525620289755348,-0.014525620289755348,2.5479452054794518e-05,-0.014551099741810142
2013-09-30,0.014252902084356034,2.3009999999999997,-0.03708988406175928,102.87,0.022116569880119785,0.022116569880119785,0.022116569880119785,1.6438356164383563e-05,0.022100131523955402
2013-10-31,0.03919597192007096,2.204,0.08057890816232938,97.85,0.04255686234316425,0.04255686234316425,0.04255686234316425,2.972602739726028e-05,0.04252713631576699
2013-11-30,0.016736425705496938,2.473,-0.10068018038227589,94.84,0.01988471583666218,0.01988471583666218,0.01988471583666218,6.246575342465752e-05,0.019822250083237524
2013-12-31,0.015990686180686442,2.6420000000000003,-0.1058980093243882,100.32,0.02236631140614409,0.02236631140614409,0.02236631140614409,5.605479452054794e-05,0.022310256611623544
2014-01-31,-0.031843875651411224,2.3880000000000003,0.07711821545683684,96.68,-0.022929840220247133,-0.022929840220247133,-0.022929840220247133,3.906849315068493e-05,-0.022968908713397816
2014-02-28,0.020534602441707683,2.416,0.07114930670176456,102.55,0.0296405182507109,0.0296405182507109,0.0296405182507109,3.145205479452055e-05,0.02960906619591638
2014-03-31,-0.002077922825586498,2.3000000000000003,-0.03587704572588013,101.67,0.01058552296575832,0.01058552296575832,0.01058552296575832,3.482191780821917e-05,0.010550701047950101
2014-04-30,-0.004604099693636066,2.2769999999999997,0.023177095761492517,100.89,0.0035456443752694966,0.0035456443752694966,0.0035456443752694966,1.2328767123287671e-05,0.003533315608146209
2014-05-31,0.013190806462124005,2.191,0.040879316578754654,105.0,0.02159760351771567,0.02159760351771567,0.02159760351771567,2.802739726027397e-05,0.021569576120455396
2014-06-30,0.025828955521614905,2.1,-0.008435824014902948,105.74,0.03382742255483118,0.03382742255483118,0.03382742255483118,2.301369863013699e-05,0.03380440885620104
2014-07-31,0.004011370914622336,1.9769999999999999,0.0165207046700937,106.09,0.007949007358409643,0.007949007358409643,0.007949007358409643,2.5479452054794518e-05,0.007923527906354848
2014-08-31,0.01284459341471278,1.8790000000000002,-0.05411371602480086,95.96,0.01662622956986204,0.01662622956986204,0.01662622956986204,2.1232876712328768e-05,0.01660499669314971
2014-09-30,-0.017945152154327015,1.9779999999999998,-0.0338418860552272,93.54,-0.01284778899342398,-0.01284778899342398,-0.01284778899342398,1.0684931506849315e-05,-0.01285847392493083
2014-10-31,-0.0074465520058693,1.8779999999999997,-0.0906315615626272,81.01,-0.005592068748279,-0.005592068748279,-0.005592068748279,8.493150684931507e-06,-0.0056005618989639315
2014-11-30,0.05115815582809091,1.731,0.05161753793628154,66.15,0.052763046875679676,0.052763046875679676,0.052763046875679676,1.0684931506849315e-05,0.05275236194417283
2014-12-31,0.011925081992162578,1.5629999999999997,0.02168796872202261,54.73,0.010883021632466905,0.010883021632466905,0.010883021632466905,4.246575342465754e-06,0.010878775057124439
2015-01-31,-0.011002702187038693,1.298,-0.0034986908849932163,45.59,-0.01108462292938095,-0.01108462292938095,-0.01108462292938095,1.5287671232876713e-05,-0.011099910600613827
2015-02-28,0.02039429516855007,1.496,0.05405641732494848,53.0,0.02929431098584878,0.02929431098584878,0.02929431098584878,1.1506849315068493e-05,0.029282804136533714
2015-03-31,-0.029454334190018194,1.383,-0.038353279008944696,48.87,-0.018282702697638875,-0.018282702697638875,-0.018282702697638875,3.227397260273972e-05,-0.018314976670241616
2015-04-30,0.02030059104709725,1.407,-0.012033117475321209,57.15,0.026700365892893263,0.026700365892893263,0.026700365892893263,1.6438356164383563e-05,0.02668392753672888
2015-05-31,-0.014693815977713243,1.543,-0.05718443393213768,60.3,-0.004781353650213704,-0.004781353650213704,-0.004781353650213704,2.547945205479452e-06,-0.004783901595419184
2015-06-30,-0.010228717211781646,1.8159999999999998,-0.01993842217632036,59.63,-0.0029338267961517284,-0.0029338267961517284,-0.0029338267961517284,4.109589041095891e-06,-0.002937936385192824
2015-07-31,-0.011772536225267416,1.581,-0.011930804649364468,48.14,-0.007912124966882317,-0.007912124966882317,-0.007912124966882317,3.227397260273972e-05,-0.007944398939485056
2015-08-31,-0.044649898227114626,1.4929999999999999,0.038468249108625674,45.22,-0.04084588917767373,-0.04084588917767373,-0.04084588917767373,4.9260273972602735e-05,-0.04089514945164634
2015-09-30,-0.030382083688123007,1.522,0.024793089662510592,45.7,-0.027844142549185324,-0.027844142549185324,-0.027844142549185324,-1.0684931506849315e-05,-0.027833457617678477
2015-10-31,0.062661372575878,1.42,-0.05924592050777555,44.6,0.06807399007139803,0.06807399007139803,0.06807399007139803,6.794520547945206e-06,0.06806719555085008
2015-11-30,0.004610312819908646,1.323,0.0700538087176259,41.84,0.006764644541290776,0.006764644541290776,0.006764644541290776,0.0001421917808219178,0.006622452760468859
2015-12-31,-0.011880337319429835,1.2040000000000002,-0.04058735226149901,38.1,-0.011877970333323051,-0.011877970333323051,-0.011877970333323051,0.0001707123287671233,-0.012048682662090174
2016-01-31,-0.0651453503617363,1.14,0.0765352816803313,33.62,-0.057370164301768556,-0.057370164301768556,-0.057370164301768556,0.0002675342465753425,-0.0576376985483439
2016-02-29,0.0007158516703174023,0.9500000000000001,-0.06578327141645346,31.68,0.005137048125345656,0.005137048125345656,0.005137048125345656,0.00025265753424657535,0.00488439059109908
2016-03-31,0.037655844388765125,1.004,0.07001387499382705,38.03,0.046340545247119946,0.046340545247119946,0.046340545247119946,0.00024799999999999996,0.04609254524711995
2016-04-30,0.02151811865065234,1.063,0.055407409415446196,42.68,0.029939716847699138,0.029939716847699138,0.029939716847699138,0.000193972602739726,0.02974574424495941
2016-05-31,-0.0009278394659983924,0.9540000000000001,0.047191071212442814,49.33,0.00700635838689756,0.00700635838689756,0.00700635838689756,0.00026923287671232877,0.006737125510185231
2016-06-30,-0.030154760380041168,0.932,0.019730466945972136,46.97,-0.02357776106597742,-0.02357776106597742,-0.02357776106597742,0.00021287671232876712,-0.023790637778306187
2016-07-31,0.06335282978963708,0.8009999999999999,0.009681968517644801,41.6,0.06759505342517769,0.06759505342517769,0.06759505342517769,0.00021997260273972608,0.06737508082243795
2016-08-31,-0.006346627916017145,0.7929999999999999,0.03815578550220167,47.64,-0.0026608918750714583,-0.0026608918750714583,-0.0026608918750714583,0.0002777260273972603,-0.002938617902468719
2016-09-30,-0.004404840088368722,0.8630000000000001,-0.002251479460060768,44.26,0.0007551879373690618,0.0007551879373690618,0.0007551879373690618,0.00015205479452054795,0.0006031331428485138
2016-10-31,-0.025319923757271656,0.9780000000000001,0.030290656786950088,48.7,-0.020527392762792807,-0.020527392762792807,-0.020527392762792807,0.00024545205479452055,-0.020772844817587326
2016-11-30,0.038354497776226015,1.232,-0.027843840061277714,44.61,0.04011188818457123,0.04011188818457123,0.04011188818457123,0.0004126027397260274,0.0396992854448452
2016-12-31,0.01931862221665792,1.334,-0.0369048370467584,51.92,0.022346550149830557,0.022346550149830557,0.022346550149830557,0.0004416438356164383,0.02190490631421412
2017-01-31,0.009184772625937754,1.273,-0.08058478752724696,53.17,0.01819145933648647,0.01819145933648647,0.01819145933648647,0.00043739726027397264,0.0177540620762125
2017-02-28,0.027520912493900873,1.183,-0.007947306827922329,53.54,0.03358852822943548,0.03358852822943548,0.03358852822943548,0.00039506849315068494,0.03319345973628479
2017-03-31,-0.013490145269626552,1.1429999999999998,0.002482056073282557,47.27,-0.01022475419142943,-0.01022475419142943,-0.01022475419142943,0.0006531232876712329,-0.010877877479100663
2017-04-30,0.013066506203769368,1.026,-0.035245441271793965,49.33,0.019209791046456814,0.019209791046456814,0.019209791046456814,0.0006600000000000001,0.018549791046456814
2017-05-31,0.010270650565483486,0.9680000000000002,-0.021210444825224162,49.8,0.013620497381204633,0.013620497381204633,0.013620497381204633,0.0007941095890410958,0.012826387792163536
2017-06-30,0.007255905862922241,0.8029999999999997,-0.06047370935510843,42.84,0.010546741058148568,0.010546741058148568,0.010546741058148568,0.0007873972602739725,0.009759343797874595
2017-07-31,0.012077123409501844,0.937,-0.0005029811404981821,49.71,0.014391568870887106,0.014391568870887106,0.014391568870887106,0.0009172602739726029,0.013474308596914503
2017-08-31,-0.015983452450045732,0.835,-0.04573699397241038,47.67,-0.010752688172043001,-0.010752688172043001,-0.010752688172043001,0.0008671506849315067,-0.011619838856974507
2017-09-30,0.015833852629286937,0.8190000000000002,-0.029942747224011246,50.29,0.023488024220275294,0.023488024220275294,0.023488024220275294,0.0008457534246575342,0.02264227079561776
2017-10-31,0.026282333703110616,0.8380000000000001,-0.028733125951303506,53.9,0.028696639587622474,0.028696639587622474,0.028696639587622474,0.0009342465753424658,0.02776239301228001
2017-11-30,0.009896943150940363,0.6020000000000001,-0.07383597667629749,58.94,0.012460307163533413,0.012460307163533413,0.012460307163533413,0.0010446575342465752,0.011415649629286838
2017-12-31,0.024621342428474247,0.5270000000000001,0.017382619075435812,60.42,0.027739760919182954,0.027739760919182954,0.027739760919182954,0.0011813972602739728,0.02655836365890898
2018-01-31,0.060102750855821174,0.5409999999999999,-0.1075156685171077,66.22,0.07063761595874385,0.07063761595874385,0.07063761595874385,0.0012077260273972604,0.06942988993134659
2018-02-28,-0.052459222881360734,0.645,-0.05266502864781675,63.49,-0.044063039929743586,-0.044063039929743586,-0.044063039929743586,0.0012611506849315069,-0.045324190614675096
2018-03-31,-0.05924808103530088,0.573,-0.023431618838001267,65.83,-0.05270163665957672,-0.05270163665957672,-0.05270163665957672,0.0014676164383561644,-0.054169253097932885
2018-04-30,0.021702527064843213,0.47699999999999987,-0.07730124889765433,68.1,0.030039434861851344,0.030039434861851344,0.030039434861851344,0.00149013698630137,0.028549297875549974
2018-05-31,0.011752965339340893,0.46399999999999997,0.009887792867171452,67.91,0.0197554111446554,0.0197554111446554,0.0197554111446554,0.001611150684931507,0.018144260459723893
2018-06-30,0.01186439498310099,0.3500000000000001,0.0683976866311915,70.33,0.017297336354713755,0.017297336354713755,0.017297336354713755,0.001573972602739726,0.01572336375197403
2018-07-31,0.015986848573507295,0.2969999999999997,-0.05296955478123788,69.82,0.021002476102161438,0.021002476102161438,0.021002476102161438,0.0016918356164383561,0.019310640485723084
2018-08-31,0.017894632536425537,0.20500000000000007,-0.02480832723245996,69.82,0.022814933621905897,0.022814933621905897,0.022814933621905897,0.0017784657534246576,0.02103646786848124
2018-09-30,0.0048159942798067235,0.242,-0.031081278584712102,73.25,0.011149705316396252,0.011149705316396252,0.011149705316396252,0.0018073972602739724,0.00934230805612228
2018-10-31,-0.09538514513289531,0.27300000000000013,-0.09682004161673552,67.59,-0.08555805514968284,-0.08555805514968284,-0.08555805514968284,0.0019763561643835613,-0.0875344113140664
2018-11-30,-0.006279514514875295,0.22999999999999998,-0.03714953948808386,50.22,-0.004985620367485066,-0.004985620367485066,-0.004985620367485066,0.001975890410958904,-0.0069615107784439705
2018-12-31,-0.06140762225737273,0.19100000000000028,0.13506679204527083,45.13,-0.056942198401330635,-0.056942198401330635,-0.056942198401330635,0.0020239178082191783,-0.058966116209549814
2019-01-31,0.06719972510596106,0.1469999999999998,0.0996759177080726,53.54,0.07671068518863278,0.07671068518863278,0.07671068518863278,0.0020239178082191783,0.0746867673804136
2019-02-28,0.04136038322139912,0.1629999999999998,-0.003249212779262045,57.09,0.05276995229206394,0.05276995229206394,0.05276995229206394,0.0018794520547945207,0.05089050023726942
2019-03-31,0.0023720540161913384,0.1299999999999999,-0.0340164309175357,60.14,0.015423774396803536,0.015423774396803536,0.015423774396803536,0.0020383561643835617,0.013385418232419974
2019-04-30,0.02418729160227384,0.20100000000000007,0.019679767891294997,63.23,0.036080016799441283,0.036080016799441283,0.036080016799441283,0.001991506849315069,0.03408850995012622
2019-05-31,-0.04200674829654805,0.1259999999999999,0.07711439211751658,58.43,-0.03312362312052808,-0.03312362312052808,-0.03312362312052808,0.0019992876712328768,-0.035122910791760956
2019-06-30,0.03246559823272621,0.24200000000000021,0.09308236862686847,58.25,0.04123640277987617,0.04123640277987617,0.04123640277987617,0.001726027397260274,0.0395103753826159
2019-07-31,0.023286951378790555,0.20100000000000007,0.061425992572801125,56.2,0.03157672318495042,0.03157672318495042,0.03157672318495042,0.001798849315068493,0.029777873869881923
2019-08-31,-0.06305118280709943,0.004999999999999893,0.04351498575878043,54.1,-0.05530047093222068,-0.05530047093222068,-0.05530047093222068,0.001668054794520548,-0.05696852572674123
2019-09-30,0.026875528069715937,0.0,0.07582302579516931,55.91,0.03592136791904155,0.03592136791904155,0.03592136791904155,0.001476986301369863,0.03444438161767168
2019-10-31,0.011968512177045643,0.15300000000000002,0.1447270675595309,56.46,0.02079539932107277,0.02079539932107277,0.02079539932107277,0.0014217534246575342,0.01937364589641524
2019-11-30,0.021334422751393856,0.15100000000000002,0.09044696711509115,57.57,0.02762111517568555,0.02762111517568555,0.02762111517568555,0.001306027397260274,0.026315087778425277
2019-12-31,0.03383916021081346,0.28400000000000003,-0.05777456116364155,61.72,0.04185688045111813,0.04185688045111813,0.04185688045111813,0.0013283287671232878,0.04052855168399484
2020-01-31,0.009271987180389019,0.19599999999999995,0.0010114704279557962,54.12,0.019753518695690753,0.019753518695690753,0.019753518695690753,0.0013003013698630137,0.01845321732582774
2020-02-29,0.008660352280273287,0.125,0.012251063047183042,53.31,0.017776584880673907,0.017776584880673907,0.017776584880673907,0.0012386575342465754,0.016537927346427332
2020-03-31,-0.28641028190649687,0.479,0.4014856924859349,15.51,-0.24468295727042644,-0.24468295727042644,-0.24468295727042644,1.2739726027397259e-05,-0.24469569699645383
2020-04-30,0.11258334910396517,0.384,0.5128477373544611,16.14,0.11862276058098309,0.11862276058098309,0.11862276058098309,0.00010027397260273973,0.11852248660838034
2020-05-31,0.07391494869237958,0.46599999999999997,0.26051539580262517,35.49,0.0836572465486487,0.0836572465486487,0.0836572465486487,0.00012060273972602739,0.08353664380892267
2020-06-30,-0.016945828038767985,0.472,0.043317481292200144,38.49,-0.006836453589700309,-0.006836453589700309,-0.006836453589700309,0.00011917808219178081,-0.006955631671892089
2020-07-31,0.059037065828725144,0.43999999999999995,0.01461228476220544,41.14,0.07076240299377057,0.07076240299377057,0.07076240299377057,9.257534246575343e-05,0.07066982765130482
2020-08-31,0.08223718057468021,0.576,-0.008299683010732473,42.97,0.09351006584769128,0.09351006584769128,0.09351006584769128,8.832876712328766e-05,0.09342173708056799
2020-09-30,-0.060915735327663256,0.526,0.03247750854403941,40.1,-0.05501106379813692,-0.05501106379813692,-0.05501106379813692,8.301369863013699e-05,-0.055094077496767056
2020-10-31,0.05136326975113059,0.6829999999999999,-0.0040335924769685505,39.67,0.05617726369012854,0.05617726369012854,0.05617726369012854,7.983561643835617e-05,0.056097428073690184
2020-11-30,0.05590019605278185,0.6769999999999999,0.02581591798331262,45.51,0.06041562336051909,0.06041562336051909,0.06041562336051909,6.657534246575343e-05,0.06034904801805333
2020-12-31,0.024354508394209606,0.805,0.016588930493833587,48.0,0.02830018292867198,0.02830018292867198,0.02830018292867198,7.558904109589041e-05,0.028224593887576088
2021-01-31,-0.004108259770241762,0.978,0.0368285750650057,52.18,0.0033658436239303313,0.0033658436239303313,0.0033658436239303313,4.9260273972602735e-05,0.0033165833499577287
2021-02-28,0.017484993818516426,1.296,0.04266613276160225,63.53,0.025799745803233076,0.025799745803233076,0.025799745803233076,3.145205479452055e-05,0.025768293748438555
2021-03-31,0.021471022136986928,1.52,-0.10668304166727194,58.51,0.03145417892846902,0.03145417892846902,0.03145417892846902,1.6986301369863014e-05,0.03143719262709916
2021-04-30,0.0433793413548087,1.41,-0.2622943910480724,62.14,0.05541961744634194,0.05541961744634194,0.05541961744634194,1.6438356164383563e-05,0.05540317909017756
2021-05-31,-0.009034740724603196,1.448,-0.24715041842357355,66.32,0.002648381327874816,0.002648381327874816,0.002648381327874816,1.1041095890410958e-05,0.002637340231984405
2021-06-30,0.010472754301684262,1.2799999999999998,-0.11749584241153932,74.2,0.023254781200534813,0.023254781200534813,0.023254781200534813,4.356164383561644e-05,0.023211219556699195
2021-07-31,0.01750417913300284,1.086,-0.007660561467186522,72.27,0.026020459424479947,0.026020459424479947,0.026020459424479947,4.331506849315068e-05,0.025977144355986796
2021-08-31,0.014423262152683414,1.092,0.05389301944902902,68.85,0.021993488346759626,0.021993488346759626,0.021993488346759626,4.501369863013699e-05,0.02194847464812949
2021-09-30,-0.016815737873839165,1.189,-0.05203874955975474,74.06,-0.009604906717708417,-0.009604906717708417,-0.009604906717708417,2.8767123287671238e-05,-0.009633673840996088
2021-10-31,0.019301871614444188,1.091,0.003700413581540829,83.57,0.03366240278902821,0.03366240278902821,0.03366240278902821,4.9260273972602735e-05,0.03361314251505561
2021-11-30,-0.016149352425647745,1.0170000000000001,-0.028913043541953343,78.39,-0.006461946071438129,-0.006461946071438129,-0.006461946071438129,4.356164383561644e-05,-0.006505507715273745
2021-12-31,0.012190010709701937,0.8400000000000001,0.010285868980000945,73.79,0.020212042497686822,0.020212042497686822,0.020212042497686822,6.0301369863013694e-05,0.020151741127823808
2022-01-31,-0.09158849114540901,0.623,-0.08406542935830474,88.2,-0.07436729609231585,-0.07436729609231585,-0.07436729609231585,0.00016136986301369864,-0.07452866595532955
2022-02-28,-0.018231640210228495,0.42100000000000004,-0.09674835545346783,92.19,-0.003693341124943128,-0.003693341124943128,-0.003693341124943128,0.000266958904109589,-0.003960300029052717
2022-03-31,0.014287442479128387,0.1980000000000004,-0.0792553927295816,115.4,0.03391013423403311,0.03391013423403311,0.03391013423403311,0.0004569315068493151,0.033453202727183794
2022-04-30,-0.07404672051040029,0.22599999999999998,-0.20110336442661536,102.91,-0.0608918984430199,-0.0608918984430199,-0.0608918984430199,0.0006805479452054794,-0.06157244638822538
2022-05-31,-0.04944461653372878,0.2869999999999999,-0.2505651202269714,115.07,-0.031138984382913293,-0.031138984382913293,-0.031138984382913293,0.000924054794520548,-0.03206303917743384
2022-06-30,-0.07873383424313207,0.06700000000000017,-0.07153889694118654,110.37,-0.05802064977384003,-0.05802064977384003,-0.05802064977384003,0.0013865753424657534,-0.05940722511630578
2022-07-31,0.04975414885125806,-0.27700000000000014,-0.15291390963634122,101.37,0.05785431186183221,0.05785431186183221,0.05785431186183221,0.0020154246575342467,0.055838887204297964
2022-08-31,-0.018023501892786786,-0.3280000000000003,-0.272233278908494,93.56,-0.013111324594557106,-0.013111324594557106,-0.013111324594557106,0.002410356164383562,-0.015521680758940667
2022-09-30,-0.10182266632953363,-0.5680000000000001,-0.3179338349243741,79.19,-0.09018139899774247,-0.09018139899774247,-0.09018139899774247,0.002626027397260274,-0.09280742639500274
2022-10-31,0.04638271320495235,-0.45699999999999985,-0.5752289880233215,87.88,0.05850031569855951,0.05850031569855951,0.05850031569855951,0.0034669041095890404,0.055033411588970474
2022-11-30,0.02637732043984009,-0.8460000000000001,-1.3526564312100557,76.18,0.030821243702485956,0.030821243702485956,0.030821243702485956,0.0035383561643835613,0.027282887538102395
2024-05-31,0.005176779237797469,-0.29600000000000026,0.0,79.65,0.006182247461683055,0.006182247461683055,0.006182247461683055,0.004573561643835616,0.0016086858178474385
