date,strategy_xs_r,_MKT,IR,rebal
2013-03-24,-1.3222222222222225e-05,-0.0009240429220749,1.3222222222222225e-05,True
2013-03-31,0.009133862877109013,0.0091476684326645,1.3805555555555551e-05,True
2013-04-07,-0.010189294735654868,-0.0101764614023215,1.2833333333333331e-05,True
2013-04-14,0.023885936550195285,0.0238977976613063,1.1861111111111111e-05,True
2013-04-21,-0.01928689691826352,-0.0192769802515968,9.916666666666666e-06,True
2013-04-28,0.016926039597993804,0.0169363451535493,1.0305555555555556e-05,True
2013-05-05,0.01971589002226698,0.0197258066889336,9.916666666666666e-06,True
2013-05-12,0.012805210349396454,0.0128131825716186,7.972222222222223e-06,True
2013-05-19,0.020118458676466434,0.0201252642320219,6.8055555555555566e-06,True
2013-05-26,-0.01207817540286047,-0.0120698142917494,8.361111111111111e-06,True
2013-06-02,-0.013265446564885415,-0.0132580576759965,7.388888888888888e-06,True
2013-06-09,0.007189976791835965,0.0071989212362804,8.944444444444444e-06,True
2013-06-16,-0.008980615938318457,-0.008971671493874,8.944444444444444e-06,True
2013-06-23,-0.023202716859140778,-0.0231937724146963,8.944444444444444e-06,True
2013-06-30,0.012100536908486993,0.0121073424640425,6.8055555555555566e-06,True
2013-07-07,0.01571459630542009,0.0157225685276423,7.972222222222223e-06,True
2013-07-14,0.03087596507979902,0.0308833539686879,7.388888888888888e-06,True
2013-07-21,0.007024540713829718,0.0070294018249408,4.861111111111111e-06,True
2013-07-28,0.00020090888621562602,0.0002047977751045,3.88888888888889e-06,True
2013-08-04,0.011170454501569605,0.0111772600571251,6.8055555555555566e-06,True
2013-08-11,-0.009239881035922291,-0.0092295754803667,1.0305555555555556e-05,True
2013-08-18,-0.022853005091724395,-0.0228440606472799,8.944444444444444e-06,True
2013-08-25,0.006650275892241469,0.0066561092255748,5.833333333333332e-06,True
2013-09-01,-0.018007857245469074,-0.018002996134358,4.861111111111111e-06,True
2013-09-08,0.013717002889066103,0.0137208917779549,3.88888888888889e-06,True
2013-09-15,0.021229732306224536,0.0212332323062245,3.5e-06,True
2013-09-22,0.01446853030628322,0.0144714469729498,2.916666666666666e-06,True
2013-09-29,-0.008927562781174988,-0.0089236738922861,3.88888888888889e-06,True
2013-10-06,0.0005121459416985187,0.0005175903861429,5.444444444444446e-06,True
2013-10-13,0.0070739270057207345,0.0070871492279429,1.3222222222222225e-05,True
2013-10-20,0.025379894442287537,0.0253857277756208,5.833333333333332e-06,True
2013-10-27,0.009061813385540674,0.0090686189410962,6.8055555555555566e-06,True
2013-11-03,-0.0004569185092399707,-0.0004489462870177,7.972222222222223e-06,True
2013-11-10,0.001912590239939016,0.0019244513510501,1.1861111111111111e-05,True
2013-11-17,0.01677406590183672,0.0167894270129478,1.5361111111111113e-05,True
2013-11-24,0.0015524488425479345,0.0015672266203257,1.4777777777777777e-05,True
2013-12-01,0.0009311804630453668,0.0009430415741564,1.1861111111111111e-05,True
2013-12-08,-5.359191213387683e-05,-4.173080102276572e-05,1.1861111111111111e-05,True
2013-12-15,-0.014890484754246019,-0.0148776514209127,1.2833333333333331e-05,True
2013-12-22,0.0241274461959833,0.0241402795293166,1.2833333333333331e-05,True
2013-12-29,0.012418716776281941,0.0124315501096152,1.2833333333333331e-05,True
2014-01-05,-0.00440056555383739,-0.0043873433316152,1.3222222222222225e-05,True
2014-01-12,0.007042395211298943,0.0070503674335211,7.972222222222223e-06,True
2014-01-19,-0.0011571838168544899,-0.0011503782612989,6.8055555555555566e-06,True
2014-01-26,-0.024381430977833525,-0.0243724865333891,8.944444444444444e-06,True
2014-02-02,-0.002356796007759817,-0.0023529071188709,3.88888888888889e-06,True
2014-02-09,0.007036077860315614,0.0070528000825378,1.6722222222222222e-05,True
2014-02-16,0.024187077597209974,0.0241909664860988,3.88888888888889e-06,True
2014-02-23,0.0006265931473887065,0.0006345653696109,7.972222222222223e-06,True
2014-03-02,0.013416843760315543,0.0134267604269822,9.916666666666666e-06,True
2014-03-09,0.009414641655492363,0.0094249472110479,1.0305555555555556e-05,True
2014-03-16,-0.017900903715650195,-0.0178905981600946,1.0305555555555556e-05,True
2014-03-23,0.011914297372268602,0.0119246029278241,1.0305555555555556e-05,True
2014-03-30,-0.00597990551847745,-0.0059719332962552,7.972222222222223e-06,True
2014-04-06,0.004367688120640122,0.0043725492317512,4.861111111111111e-06,True
2014-04-13,-0.025360563614197404,-0.0253531747253085,7.388888888888888e-06,True
2014-04-20,0.026872092599610136,0.0268779259329434,5.833333333333332e-06,True
2014-04-27,-0.0016681277471625542,-0.0016652110804959,2.916666666666666e-06,True
2014-05-04,0.01135571629283649,0.0113601885150587,4.472222222222222e-06,True
2014-05-11,-0.0022988652506137886,-0.0022934208061693,5.444444444444446e-06,True
2014-05-18,0.00025253897932533736,0.0002564278682142,3.88888888888889e-06,True
2014-05-25,0.012178414325073392,0.01218483099174,6.4166666666666665e-06,True
2014-06-01,0.012007221110789546,0.0120140266663451,6.8055555555555566e-06,True
2014-06-08,0.014409390816682252,0.0144158074833489,6.4166666666666665e-06,True
2014-06-15,-0.007287767265157019,-0.0072809617096015,6.8055555555555566e-06,True
2014-06-22,0.01498031647228686,0.0149838164722868,3.5e-06,True
2014-06-29,-0.0005578219266816873,-0.0005523774822372,5.444444444444446e-06,True
2014-07-06,0.012203741042601813,0.0122056854870462,1.944444444444445e-06,True
2014-07-13,-0.009204080211376727,-0.0092001913224878,3.88888888888889e-06,True
2014-07-20,0.00498305166392817,0.0049859683305948,2.916666666666666e-06,True
2014-07-27,4.9146779781111176e-05,5.4980113114444507e-05,5.833333333333332e-06,True
2014-08-03,-0.025998897543560797,-0.0259940364324497,4.861111111111111e-06,True
2014-08-10,0.00386157383682648,0.0038664349479375,4.861111111111111e-06,True
2014-08-17,0.013817497021864468,0.0138229414663089,5.444444444444446e-06,True
2014-08-24,0.016798534308955945,0.0168030065311781,4.472222222222222e-06,True
2014-08-31,0.008608750720871059,0.0086136118319821,4.861111111111111e-06,True
2014-09-07,0.003044268871118918,0.0030497133155633,5.444444444444446e-06,True
2014-09-14,-0.011852548919458786,-0.0118496322527921,2.916666666666666e-06,True
2014-09-21,0.010328454973581414,0.0103319549735814,3.5e-06,True
2014-09-28,-0.01423493019025181,-0.014232402412474,2.5277777777777773e-06,True
2014-10-05,-0.007102926613888708,-0.007100009947222,2.916666666666666e-06,True
2014-10-12,-0.031593149202145385,-0.031591204757701,1.944444444444445e-06,True
2014-10-19,-0.0062050492290098265,-0.0061996047845654,5.444444444444446e-06,True
2014-10-26,0.040639655451760195,0.0406415998962046,1.944444444444445e-06,True
2014-11-02,0.025799349657975732,0.0258009052135312,1.5555555555555558e-06,True
2014-11-09,0.007267241714980779,0.0072726861594252,5.444444444444446e-06,True
2014-11-16,0.0039358776380557904,0.0039384054158335,2.5277777777777773e-06,True
2014-11-23,0.012109712703585773,0.0121112682591413,1.5555555555555558e-06,True
2014-11-30,0.0027301503019740822,0.0027326780797518,2.5277777777777773e-06,True
2014-12-07,0.00228657528467573,0.0022900752846757,3.5e-06,True
2014-12-14,-0.033864352727094954,-0.0338604638382061,3.88888888888889e-06,True
2014-12-21,0.033581706115776384,0.033588122782443,6.4166666666666665e-06,True
2014-12-28,0.009996083420624587,0.0099970556428468,9.722222222222224e-07,True
2015-01-04,-0.01316049307371889,-0.01315660418483,3.88888888888889e-06,True
2015-01-11,-0.004541299403754448,-0.0045374105148656,3.88888888888889e-06,True
2015-01-18,-0.009567564349755722,-0.0095627032386446,4.861111111111111e-06,True
2015-01-25,0.016383171688328303,0.0163866716883283,3.5e-06,True
2015-02-01,-0.025190455755594216,-0.0251879279778164,2.5277777777777773e-06,True
2015-02-08,0.028790510664991827,0.028794982887214,4.472222222222222e-06,True
2015-02-15,0.019442175687142474,0.0194441201315869,1.944444444444445e-06,True
2015-02-22,0.006758146186426525,0.0067610628530931,2.916666666666666e-06,True
2015-03-01,-0.0026273497235490915,-0.0026244330568824,2.916666666666666e-06,True
2015-03-08,-0.01522833180543028,-0.0152258040276525,2.5277777777777773e-06,True
2015-03-15,-0.006466806399258393,-0.006461361954814,5.444444444444446e-06,True
2015-03-22,0.028244684290623354,0.0282462398461789,1.5555555555555558e-06,True
2015-03-29,-0.02162378357782073,-0.0216163946889318,7.388888888888888e-06,True
2015-04-05,0.004359831604294079,0.0043623593820718,2.5277777777777773e-06,True
2015-04-12,0.015093539268364457,0.0150974281572533,3.88888888888889e-06,True
2015-04-19,-0.009244398497200556,-0.0092408984972006,3.5e-06,True
2015-04-26,0.01642614782024523,0.0164300367091341,3.88888888888889e-06,True
2015-05-03,-0.006895415081217683,-0.0068938595256621,1.5555555555555558e-06,True
2015-05-10,0.00424342600718589,0.0042449815627414,1.5555555555555558e-06,True
2015-05-17,0.0046554787630732255,0.0046583954297398,2.916666666666666e-06,True
2015-05-24,0.0017493206905528056,0.0017532095794416,3.88888888888889e-06,True
2015-05-31,-0.008474812074012157,-0.0084742287406788,5.833333333333334e-07,True
2015-06-07,-0.007161290250729268,-0.0071577902507293,3.5e-06,True
2015-06-14,0.0011039886244325187,0.0011059330688769,1.944444444444445e-06,True
2015-06-21,0.00875291261922776,0.0087544681747833,1.5555555555555558e-06,True
2015-06-28,-0.005561754271235336,-0.0055607820490131,9.722222222222224e-07,True
2015-07-05,-0.011071572442248734,-0.0110700168866932,1.5555555555555558e-06,True
2015-07-12,0.001965797688440815,0.0019687143551074,2.916666666666666e-06,True
2015-07-19,0.022149582474322773,0.0221534713632116,3.88888888888889e-06,True
2015-07-26,-0.0204850873541184,-0.0204776984652295,7.388888888888888e-06,True
2015-08-02,0.012516199875044745,0.0125286443194891,1.2444444444444446e-05,True
2015-08-09,-0.01291262153383686,-0.0128997882005035,1.2833333333333331e-05,True
2015-08-16,0.007298993379749359,0.0073168822686382,1.788888888888889e-05,True
2015-08-23,-0.05550754965204083,-0.0555015218742631,6.027777777777777e-06,True
2015-08-30,0.00866650253736277,0.0086777803151405,1.1277777777777778e-05,True
2015-09-06,-0.032627999891722624,-0.0326209998917226,7e-06,True
2015-09-13,0.01997539499371806,0.0199814227714958,6.027777777777777e-06,True
2015-09-20,0.0003378888105061937,0.0003363332549506,-1.5555555555555558e-06,True
2015-09-27,-0.01507751684262824,-0.015080044620406,-2.5277777777777773e-06,True
2015-10-04,0.009050008564094407,0.0090505918974277,5.833333333333334e-07,True
2015-10-11,0.03263782012625308,0.0326393756818086,1.5555555555555558e-06,True
2015-10-18,0.008074134460251355,0.0080751066824735,9.722222222222224e-07,True
2015-10-25,0.01682487429163074,0.0168264298471862,1.5555555555555558e-06,True
2015-11-01,0.0012062023275765117,0.0012215634386876,1.5361111111111113e-05,True
2015-11-08,0.007784288876865615,0.0078006222101989,1.6333333333333335e-05,True
2015-11-15,-0.03553789023988597,-0.0355135846843304,2.430555555555556e-05,True
2015-11-22,0.03136689201407115,0.0313871142362933,2.022222222222222e-05,True
2015-11-29,0.0029764992455540633,0.0030101381344429,3.363888888888888e-05,True
2015-12-06,-0.0016033850859429948,-0.0015604128637208,4.2972222222222226e-05,True
2015-12-13,-0.03640988344203688,-0.0363659389975924,4.394444444444444e-05,True
2015-12-20,-0.0017380799368480074,-0.0017015243812924,3.655555555555555e-05,True
2015-12-27,0.028726056213796893,0.0287651395471302,3.908333333333334e-05,True
2016-01-03,-0.007362777653667747,-0.0073281665425566,3.4611111111111114e-05,True
2016-01-10,-0.05683203372966894,-0.0567925615074467,3.947222222222222e-05,True
2016-01-17,-0.024448207305370447,-0.0244021239720371,4.6083333333333326e-05,True
2016-01-24,0.014120821193220827,0.0141791545265541,5.833333333333333e-05,True
2016-01-31,0.017458246722258278,0.0175194967222582,6.125e-05,True
2016-02-07,-0.0317629218721943,-0.0317061440944165,5.677777777777777e-05,True
2016-02-14,-0.010610226736240088,-0.0105538378473512,5.638888888888889e-05,True
2016-02-21,0.030485712279996066,0.0305430733911071,5.736111111111111e-05,True
2016-02-28,0.017966318375208772,0.0180281517085421,6.183333333333334e-05,True
2016-03-06,0.028596664234597564,0.0286503309012642,5.366666666666667e-05,True
2016-03-13,0.010258792195630048,0.0103210144178522,6.222222222222223e-05,True
2016-03-20,0.014069614907409097,0.0141267815740757,5.716666666666666e-05,True
2016-03-27,-0.007275345652083304,-0.0072185678743055,5.677777777777777e-05,True
2016-04-03,0.020511386698265396,0.0205566922538209,4.530555555555556e-05,True
2016-04-10,-0.011032537764621481,-0.0109876210979548,4.491666666666666e-05,True
2016-04-17,0.015424338864143274,0.0154686721974766,4.433333333333333e-05,True
2016-04-24,0.004816089342739039,0.0048619782316279,4.5888888888888885e-05,True
2016-05-01,-0.010431403883228956,-0.0103915427721179,3.9861111111111106e-05,True
2016-05-08,-0.001706801421442426,-0.0016692736436646,3.752777777777778e-05,True
2016-05-15,-0.004978470422851932,-0.0049257759784075,5.269444444444445e-05,True
2016-05-22,0.0024297152848412537,0.0024913541737301,6.163888888888888e-05,True
2016-05-29,0.02172040002683883,0.0217820389157277,6.163888888888888e-05,True
2016-06-05,0.0027731898434032913,0.0028293842878477,5.6194444444444434e-05,True
2016-06-12,-0.00167634146395131,-0.0016265636861735,4.9777777777777785e-05,True
2016-06-19,-0.010617807864379774,-0.0105660856421575,5.172222222222222e-05,True
2016-06-26,-0.014382033130603036,-0.0143316720194919,5.036111111111112e-05,True
2016-07-03,0.03255933677900114,0.0326096978901122,5.036111111111112e-05,True
2016-07-10,0.012974558357046594,0.0130303639126021,5.5805555555555544e-05,True
2016-07-17,0.01395608353583732,0.0140177224247262,6.163888888888888e-05,True
2016-07-24,0.006551201244774256,0.0066128401336631,6.163888888888888e-05,True
2016-07-31,-0.00018878453184577906,-0.0001384234207347,5.036111111111112e-05,True
2016-08-07,0.0027305174030513232,0.0027828229586068,5.2305555555555554e-05,True
2016-08-14,0.001503073296129313,0.0015579066294626,5.483333333333332e-05,True
2016-08-21,-0.0006683658394572139,-0.0006082825061239,6.0083333333333335e-05,True
2016-08-28,-0.006434823542375783,-0.0063712402090424,6.358333333333335e-05,True
2016-09-04,0.007473986213256622,0.0075365973243677,6.26111111111111e-05,True
2016-09-11,-0.024985826424815664,-0.0249167986470379,6.902777777777777e-05,True
2016-09-18,0.0040426337210643275,0.0040988281655087,5.6194444444444434e-05,True
2016-09-25,0.014456631721480331,0.0144926039437025,3.5972222222222225e-05,True
2016-10-02,0.0007502975607328442,0.000805519782955,5.522222222222221e-05,True
2016-10-09,-0.009546571046646463,-0.0094829877133131,6.358333333333335e-05,True
2016-10-16,-0.008319669799588526,-0.0082605586884774,5.9111111111111106e-05,True
2016-10-23,0.004492972066608548,0.0045575276221641,6.455555555555556e-05,True
2016-10-30,-0.008292363234364173,-0.0082361687899197,5.6194444444444434e-05,True
2016-11-06,-0.018969574277893923,-0.0188970465001162,7.252777777777778e-05,True
2016-11-13,0.03384517729175351,0.0339375384028646,9.236111111111112e-05,True
2016-11-20,0.009695574737228438,0.0097799636261173,8.438888888888889e-05,True
2016-11-27,0.015319376874926634,0.0154169879860377,9.761111111111111e-05,True
2016-12-04,-0.010381267404244282,-0.0102889062931332,9.236111111111112e-05,True
2016-12-11,0.031328519115746134,0.0314337135601905,0.0001051944444444,True
2016-12-18,-0.001537184214891097,-0.0014389897704467,9.819444444444444e-05,True
2016-12-25,0.002836158514800465,0.0029372696259115,0.0001011111111111,True
2017-01-01,-0.009610587294459898,-0.0095129761833488,9.761111111111111e-05,True
2017-01-08,0.017996153514046938,0.018097264625158,0.0001011111111111,True
2017-01-15,-0.0009754169651943665,-0.0008723614096389,0.0001030555555555,True
2017-01-22,-3.6005341074507306e-05,6.063354781438157e-05,9.663888888888888e-05,True
2017-01-29,0.01041793123804593,0.0105180701269347,0.0001001388888888,True
2017-02-05,0.00233295693252814,0.0024311513769725,9.819444444444444e-05,True
2017-02-12,0.009052941894960361,0.0091575530060714,0.0001046111111111,True
2017-02-19,0.014868985174636732,0.01497106850797,0.0001020833333333,True
2017-02-26,0.006554474520612997,0.0066546134095017,0.0001001388888888,True
2017-03-05,0.005248510197019685,0.0053857879747973,0.0001372777777777,True
2017-03-12,-0.006573804931984465,-0.0064285549319845,0.00014525,True
2017-03-19,0.004535073804382491,0.0046768238043823,0.0001417499999999,True
2017-03-26,-0.01391918363471116,-0.0137696558569335,0.0001495277777777,True
2017-04-02,0.008680806723251016,0.0088289733899176,0.0001481666666666,True
2017-04-09,-0.0027708871211849164,-0.0026114426767405,0.0001594444444444,True
2017-04-16,-0.009678200850416452,-0.0095207008504164,0.0001575,True
2017-04-23,0.00886403625187552,0.0090166751407643,0.0001526388888888,True
2017-04-30,0.013376904622843879,0.0135330435117326,0.0001561388888888,True
2017-05-07,0.004682058593265807,0.0048555030377102,0.0001734444444444,True
2017-05-14,-0.004253928360228666,-0.0040830116935621,0.0001709166666666,True
2017-05-21,-0.002025772684234729,-0.0018480504620125,0.0001777222222222,True
2017-05-28,0.014551626246444098,0.0147334318019995,0.0001818055555555,True
2017-06-04,0.010434917069166662,0.0106250837358332,0.0001901666666666,True
2017-06-11,-0.0035513987494095686,-0.0033557876382985,0.0001956111111111,True
2017-06-18,0.0005507814449314586,0.0007473647782647,0.0001965833333333,True
2017-06-25,0.002353765926743844,0.0025400437045215,0.0001862777777777,True
2017-07-02,-0.005570226643552632,-0.0053716988657749,0.0001985277777777,True
2017-07-09,-0.0003671095920242435,-0.0001660540364687,0.0002010555555555,True
2017-07-16,0.013991578781310184,0.0141926343368656,0.0002010555555555,True
2017-07-23,0.005421769994563565,0.005649075550119,0.0002273055555555,True
2017-07-30,-9.479517912121076e-05,0.0001152048208787,0.00021,True
2017-08-06,0.0006290449058752598,0.0008384615725418,0.0002094166666666,True
2017-08-13,-0.01479143172930045,-0.0145894039515228,0.0002020277777777,True
2017-08-20,-0.00548457100934598,-0.0052874043426794,0.0001971666666666,True
2017-08-27,0.008185706339484268,0.0083842341172619,0.0001985277777777,True
2017-09-03,0.014120385191056939,0.0143169685243902,0.0001965833333333,True
2017-09-10,-0.0062184433159145226,-0.0060148599825812,0.0002035833333333,True
2017-09-17,0.01494038631117256,0.0151420252000613,0.0002016388888888,True
2017-09-24,-0.00019461352612213303,5.469807211166966e-06,0.0002000833333333,True
2017-10-01,0.006614190550570789,0.0068197183283484,0.0002055277777777,True
2017-10-08,0.011406029551382455,0.0116140851069379,0.0002080555555555,True
2017-10-15,0.0023705022839226883,0.0025799189505892,0.0002094166666666,True
2017-10-22,0.006279792534232337,0.0064942647564545,0.0002144722222222,True
2017-10-29,0.0006855247360035201,0.0008994136248923,0.0002138888888888,True
2017-11-05,0.0028593638613990564,0.0030882249725101,0.0002288611111111,True
2017-11-12,-0.0006335477957414612,-0.0003943811290749,0.0002391666666666,True
2017-11-19,0.00012300443824356618,0.0003701433271323,0.0002471388888888,True
2017-11-26,0.009120701514322569,0.0093678404032113,0.0002471388888888,True
2017-12-03,0.01408691843379423,0.0143330851004608,0.0002461666666666,True
2017-12-10,0.003335264197599767,0.0035849308642663,0.0002496666666666,True
2017-12-17,0.00855763478245838,0.0088137181157916,0.0002560833333333,True
2017-12-24,0.002802664995163919,0.0030622483284972,0.0002595833333333,True
2017-12-31,-0.002548420681853785,-0.0022779484596316,0.0002704722222222,True
2018-01-07,0.023015327833266732,0.0232883278332667,0.000273,True
2018-01-14,0.014428493850526056,0.0147094660727482,0.0002809722222222,True
2018-01-21,0.009121868249756178,0.0094007015830894,0.0002788333333333,True
2018-01-28,0.0212253638979112,0.0215018638979112,0.0002765,True
2018-02-04,-0.03811672057823713,-0.0378277761337927,0.0002889444444444,True
2018-02-11,-0.050887970437928816,-0.0505842482157066,0.0003037222222222,True
2018-02-18,0.042183741285474224,0.0424964079521408,0.0003126666666666,True
2018-02-25,0.003476280380523618,0.0037959470471902,0.0003196666666666,True
2018-03-04,-0.019256586870774577,-0.018936920204108,0.0003196666666666,True
2018-03-11,0.035160520854609204,0.0354862152990536,0.0003256944444444,True
2018-03-18,-0.011473082876254247,-0.0111271662095877,0.0003459166666666,True
2018-03-25,-0.05735034379379922,-0.0570143437937992,0.000336,True
2018-04-01,0.020161903853118154,0.0204953760753403,0.0003334722222222,True
2018-04-08,-0.013524252066828819,-0.0131898076223844,0.0003344444444444,True
2018-04-15,0.017686354127056877,0.0180283819048345,0.0003420277777777,True
2018-04-22,0.004531678321308867,0.0048830394324199,0.0003513611111111,True
2018-04-29,-0.000504988795337313,-0.0001524610175596,0.0003525277777777,True
2018-05-06,-0.002367950212352203,-0.0020109502123522,0.000357,True
2018-05-13,0.022332967819353896,0.0227033844860204,0.0003704166666666,True
2018-05-20,-0.0049023761123503495,-0.0045331261123504,0.00036925,True
2018-05-27,0.003307594664651377,0.0036764557757624,0.0003688611111111,True
2018-06-03,0.005359934383434708,0.0057313232723235,0.0003713888888888,True
2018-06-10,0.016580986237712102,0.0169552917932676,0.0003743055555555,True
2018-06-17,0.001263729256222088,0.0016395903673331,0.0003758611111111,True
2018-06-24,-0.007364724173252782,-0.0069923630621417,0.0003723611111111,True
2018-07-01,-0.013977097797814383,-0.0136037644644811,0.0003733333333333,True
2018-07-08,0.015754252250225018,0.0161336133613361,0.0003793611111111,True
2018-07-15,0.013514934309155681,0.0138981843091556,0.00038325,True
2018-07-22,8.339928658818955e-06,0.0003931454842143,0.0003848055555555,True
2018-07-29,0.0039035459767102717,0.0042908793100435,0.0003873333333333,True
2018-08-05,0.008318130838277175,0.008708380838277,0.0003902499999999,True
2018-08-12,-0.00202312871497015,-0.0016254898260813,0.0003976388888888,True
2018-08-19,0.006690947594541379,0.0070881975945413,0.00039725,True
2018-08-26,0.008080149516108383,0.0084873161827749,0.0004071666666666,True
2018-09-02,0.008389360067141399,0.0087984711782524,0.0004091111111111,True
2018-09-09,-0.010810627725619635,-0.0103950999478419,0.0004155277777777,True
2018-09-16,0.011528681622160608,0.0119473205110494,0.0004186388888888,True
2018-09-23,0.006620463267936231,0.0070429910457139,0.0004225277777777,True
2018-09-30,-0.006526208728425505,-0.0060986253950922,0.0004275833333333,True
2018-10-07,-0.012427578088545329,-0.011996494755212,0.0004310833333333,True
2018-10-14,-0.04105507388465188,-0.0406134905513186,0.0004415833333333,True
2018-10-21,0.0022121645365525736,0.0026611367587747,0.0004489722222222,True
2018-10-28,-0.03828678723523713,-0.0378343150130149,0.0004524722222222,True
2018-11-04,0.025701601836716347,0.0261540740589385,0.0004524722222222,True
2018-11-11,0.019694112126212762,0.0201520287928793,0.0004579166666666,True
2018-11-18,-0.015371214397807517,-0.0149132977311409,0.0004579166666666,True
2018-11-25,-0.035578280357756946,-0.0351108359133126,0.0004674444444444,True
2018-12-02,0.04583725189180998,0.0462967241140321,0.0004594722222222,True
2018-12-09,-0.04364049206349178,-0.043174603174603,0.0004658888888888,True
2018-12-16,-0.01313557203802843,-0.0126642387046951,0.0004713333333333,True
2018-12-23,-0.07219487088840647,-0.0717309264439621,0.0004639444444444,True
2018-12-30,0.02734466169930096,0.027808022810412,0.0004633611111111,True
2019-01-06,0.01910322969600776,0.0195726185848965,0.0004693888888888,True
2019-01-13,0.02776817442679144,0.0282395077601247,0.0004713333333333,True
2019-01-20,0.027528222806222535,0.0279956672506669,0.0004674444444444,True
2019-01-27,-0.0013948097258590206,-0.0009314486147479,0.0004633611111111,True
2019-02-03,0.01792563167770108,0.0183915205665898,0.0004658888888888,True
2019-02-10,0.0016300919741820674,0.0021010364186264,0.0004709444444444,True
2019-02-17,0.024881865097397066,0.0253537817640636,0.0004719166666666,True
2019-02-24,0.005605793043146114,0.0060821819320349,0.0004763888888888,True
2019-03-03,0.003173561741201829,0.003647033963424,0.0004734722222222,True
2019-03-10,-0.021487447866034588,-0.021010281199368,0.0004771666666666,True
2019-03-17,0.028593677360873662,0.0290704551386513,0.0004767777777777,True
2019-03-24,-0.008351802992545537,-0.0078730807703233,0.0004787222222222,True
2019-03-31,0.011755509809497704,0.0122221764761643,0.0004666666666666,True
2019-04-07,0.018491362046357953,0.0189646398241356,0.0004732777777777,True
2019-04-14,0.005989179786283628,0.0064638186751724,0.0004746388888888,True
2019-04-21,-0.003043810550067364,-0.0025715049945119,0.0004723055555555,True
2019-04-28,0.012400115279311319,0.0128712541682001,0.0004711388888888,True
2019-05-05,0.0031855938564282695,0.0036582883008726,0.0004726944444444,True
2019-05-12,-0.02047088650682755,-0.019998580951272,0.0004723055555555,True
2019-05-19,-0.006839320145152355,-0.0063740145895968,0.0004653055555555,True
2019-05-26,-0.01114082020853848,-0.0106830979863163,0.0004577222222222,True
2019-06-02,-0.02589774337345354,-0.0254400211512313,0.0004577222222222,True
2019-06-09,0.04414952908315565,0.0445916957498222,0.0004421666666666,True
2019-06-16,0.004667915028039264,0.0050921928058169,0.0004242777777777,True
2019-06-23,0.020169985803895053,0.0205802635816727,0.0004102777777777,True
2019-06-30,-0.00330277701420485,-0.0028944436808715,0.0004083333333333,True
2019-07-07,0.017283245791861062,0.0177145235696387,0.0004312777777777,True
2019-07-14,0.00805227114288781,0.0084705211428877,0.0004182499999999,True
2019-07-21,-0.011799989155496259,-0.0113982669332741,0.0004017222222222,True
2019-07-28,0.016283866094025524,0.0166956994273588,0.0004118333333333,True
2019-08-04,-0.03021238903203487,-0.0298110556987016,0.0004013333333333,True
2019-08-11,-0.003698387797530903,-0.0033091100197532,0.0003892777777777,True
2019-08-18,-0.009813171355287933,-0.0094493657997324,0.0003638055555555,True
2019-08-25,-0.014101929932452635,-0.0137200410435638,0.0003818888888888,True
2019-09-01,0.025354711356028757,0.0257410724671398,0.0003863611111111,True
2019-09-08,0.01673343588587494,0.0171153247747637,0.0003818888888888,True
2019-09-15,0.007143091203851914,0.0075243967594074,0.0003813055555555,True
2019-09-22,-0.0040904406856043,-0.0037190517967155,0.0003713888888888,True
2019-09-29,-0.011155467557559083,-0.0108060508908925,0.0003494166666666,True
2019-10-06,-0.002653679777350024,-0.00232117977735,0.0003325,True
2019-10-13,0.005338131187619455,0.0056651867431749,0.0003270555555555,True
2019-10-20,0.004708500676330071,0.0050334173429966,0.0003249166666666,True
2019-10-27,0.011985678853278914,0.0123111788532788,0.0003254999999999,True
2019-11-03,0.01346143485473279,0.013759518188066,0.0002980833333333,True
2019-11-10,0.005762001011996868,0.0060641676786634,0.0003021666666666,True
2019-11-17,0.00921520098097588,0.0095202843143091,0.0003050833333333,True
2019-11-24,-0.0022473790876696396,-0.0019384068654474,0.0003089722222222,True
2019-12-01,0.01045299969064848,0.0107615830239817,0.0003085833333333,True
2019-12-08,0.00030623400280604675,0.0006023728916948,0.0002961388888888,True
2019-12-15,0.006470409376288583,0.0067745204873996,0.0003041111111111,True
2019-12-22,0.017135556348629722,0.0174425841264074,0.0003070277777777,True
2019-12-29,0.005366322619207736,0.0056704337303188,0.0003041111111111,True
2020-01-05,-0.0009481704535865342,-0.000652614898031,0.0002955555555555,True
2020-01-12,0.009683261342088117,0.0099823168976436,0.0002990555555555,True
2020-01-19,0.019778118037690973,0.0200816458154686,0.0003035277777777,True
2020-01-26,-0.009853459157088811,-0.0095557647126444,0.0002976944444444,True
2020-02-02,-0.019956758474203858,-0.0196545918075373,0.0003021666666666,True
2020-02-09,0.03062596160169147,0.0309300727128025,0.0003041111111111,True
2020-02-16,0.01758456878756689,0.0178912076764556,0.0003066388888888,True
2020-02-23,-0.010969525589673703,-0.0106663867007849,0.0003031388888888,True
2020-03-01,-0.11533287159948065,-0.1150830104883696,0.0002498611111111,True
2020-03-08,0.0037665522897533054,0.0038589134008644,9.236111111111112e-05,True
2020-03-15,-0.0956359172182724,-0.0955822505516057,5.366666666666667e-05,True
2020-03-22,-0.1496405115453883,-0.1496331226564994,7.388888888888888e-06,True
2020-03-29,0.10554777047515702,0.1055506871418237,2.916666666666666e-06,True
2020-04-05,-0.025258537094819664,-0.0252379259837086,2.0611111111111112e-05,True
2020-04-12,0.12604640834503378,0.1260922972339226,4.5888888888888885e-05,True
2020-04-19,0.03107285054494813,0.0310969616560592,2.411111111111111e-05,True
2020-04-26,-0.011671977160965552,-0.0116482549387433,2.3722222222222222e-05,True
2020-05-03,-0.00039330019746160454,-0.0003721057530172,2.1194444444444447e-05,True
2020-05-10,0.039926467255631495,0.0399492172556315,2.275e-05,True
2020-05-17,-0.023332890222290344,-0.0233087791111792,2.411111111111111e-05,True
2020-05-24,0.03512395266224657,0.0351476748844687,2.3722222222222222e-05,True
2020-05-31,0.0310274198699007,0.0310550309810118,2.7611111111111103e-05,True
2020-06-07,0.050750725600878246,0.050781253378656,3.052777777777778e-05,True
2020-06-14,-0.04750645499242985,-0.0474743716590965,3.208333333333333e-05,True
2020-06-21,0.02108132844882796,0.0211114673377168,3.0138888888888885e-05,True
2020-06-28,-0.028269060170425724,-0.0282408657259813,2.8194444444444445e-05,True
2020-07-05,0.04046440674909529,0.0404920178602064,2.7611111111111103e-05,True
2020-07-12,0.019991140252963148,0.0200168069196298,2.5666666666666663e-05,True
2020-07-19,0.011616253791866553,0.0116390037918665,2.275e-05,True
2020-07-26,-0.0027311863736812656,-0.0027099919292368,2.1194444444444447e-05,True
2020-08-02,0.0182752779975592,0.0182935557753369,1.8277777777777775e-05,True
2020-08-09,0.02413977287227767,0.0241590228722776,1.925e-05,True
2020-08-16,0.006222156660048021,0.006241406660048,1.925e-05,True
2020-08-23,0.00939349194494693,0.0094121586116135,1.866666666666667e-05,True
2020-08-30,0.032293447262340715,0.0323136694845629,2.022222222222222e-05,True
2020-09-06,-0.024002141860412152,-0.0239803640826344,2.1777777777777782e-05,True
2020-09-13,-0.02513772508595601,-0.0251159473081782,2.1777777777777782e-05,True
2020-09-20,-0.0013434443217188515,-0.0013257498772744,1.7694444444444443e-05,True
2020-09-27,-0.005550407999238109,-0.0055307691103492,1.963888888888889e-05,True
2020-10-04,0.018133227151067348,0.0181509215955117,1.7694444444444443e-05,True
2020-10-11,0.040327461201944644,0.0403471000908335,1.963888888888889e-05,True
2020-10-18,0.002365104075222557,0.0023837707418892,1.866666666666667e-05,True
2020-10-25,-0.005271896265889122,-0.0052536184881114,1.8277777777777775e-05,True
2020-11-01,-0.05710500930827792,-0.0570867315305002,1.8277777777777775e-05,True
2020-11-08,0.07647601125140442,0.0764942890291822,1.8277777777777775e-05,True
2020-11-15,0.01754379831180685,0.0175614927562512,1.7694444444444443e-05,True
2020-11-22,-0.0002195727685100368,-0.0002063505462878,1.3222222222222225e-05,True
2020-11-29,0.026868760050840584,0.0268845100508405,1.575e-05,True
2020-12-06,0.016550433565373206,0.0165661835653732,1.575e-05,True
2020-12-13,-0.006386979463910124,-0.0063731739083546,1.3805555555555551e-05,True
2020-12-20,0.017534778390379244,0.0175515006126014,1.6722222222222222e-05,True
2020-12-27,0.00045379267081781206,0.0004710982263733,1.7305555555555557e-05,True
2021-01-03,0.009188256367765879,0.0092036174788769,1.5361111111111113e-05,True
2021-01-10,0.021890969001970226,0.0219076912241924,1.6722222222222222e-05,True
2021-01-17,-0.012056461786975411,-0.0120407117869754,1.575e-05,True
2021-01-24,0.01975890598134522,0.0197742670924563,1.5361111111111113e-05,True
2021-01-31,-0.034347927435292594,-0.0343366496575148,1.1277777777777778e-05,True
2021-02-07,0.050649713412330495,0.0506561300789971,6.4166666666666665e-06,True
2021-02-14,0.014706862221303726,0.0147148344435259,7.972222222222223e-06,True
2021-02-21,-0.007768888851141234,-0.0077624721844746,6.4166666666666665e-06,True
2021-02-28,-0.030296954130992607,-0.0302889819087704,7.972222222222223e-06,True
2021-03-07,0.0006161038390211799,0.00062349272791,7.388888888888888e-06,True
2021-03-14,0.030426736371060564,0.0304325697043938,5.833333333333332e-06,True
2021-03-21,-0.009740280594137217,-0.0097383361496928,1.944444444444445e-06,True
2021-03-28,0.010201546466282156,0.010205435355171,3.88888888888889e-06,True
2021-04-04,0.013458557173830644,0.0134620571738306,3.5e-06,True
2021-04-11,0.026139635639327512,0.0261421634171052,2.5277777777777773e-06,True
2021-04-18,0.015000173851155641,0.0150036738511556,3.5e-06,True
2021-04-25,-0.0001362294444386703,-0.0001323405555498,3.88888888888889e-06,True
2021-05-02,-0.0007216529702153307,-0.0007191251924375,2.5277777777777773e-06,True
2021-05-09,0.005993495496332732,0.0059964121629993,2.916666666666666e-06,True
2021-05-16,-0.0146014589265535,-0.0145995144821091,1.944444444444445e-06,True
2021-05-23,-0.002119101003220485,-0.0021181287809983,9.722222222222224e-07,True
2021-05-30,0.014312231560382953,0.0143147593381607,2.5277777777777773e-06,True
2021-06-06,0.005667000020818572,0.0056708889097074,3.88888888888889e-06,True
2021-06-13,0.00712273946560388,0.0071281839100483,5.444444444444446e-06,True
2021-06-20,-0.018209228723957985,-0.0182012565017358,7.972222222222223e-06,True
2021-06-27,0.029002269721142095,0.0290125752766976,1.0305555555555556e-05,True
2021-07-04,0.01429990919577234,0.014309825862439,9.916666666666666e-06,True
2021-07-11,0.003837581857544493,0.0038478874131,1.0305555555555556e-05,True
2021-07-18,-0.014508890727964694,-0.0144999462835202,8.944444444444444e-06,True
2021-07-25,0.022484220887232953,0.0224941375538996,9.916666666666666e-06,True
2021-08-01,-0.004271823327578258,-0.0042628788831338,8.944444444444444e-06,True
2021-08-08,0.00957825235790871,0.0095881690245753,9.916666666666666e-06,True
2021-08-15,0.005975461173034081,0.0059857667285896,1.0305555555555556e-05,True
2021-08-22,-0.008476879861676966,-0.0084665743061214,1.0305555555555556e-05,True
2021-08-29,0.019191026732257067,0.0192013322878126,1.0305555555555556e-05,True
2021-09-05,0.0072419351974168855,0.0072508796418613,8.944444444444444e-06,True
2021-09-12,-0.017214348601475665,-0.0172050152681423,9.333333333333334e-06,True
2021-09-19,-0.004491901855316823,-0.0044845129664279,7.388888888888888e-06,True
2021-09-26,0.0049788719839844895,0.00498567753954,6.8055555555555566e-06,True
2021-10-03,-0.023077552526761733,-0.0230701636378728,7.388888888888888e-06,True
2021-10-10,0.007430262174207556,0.0074401788408742,9.916666666666666e-06,True
2021-10-17,0.020860910646281122,0.0208702439796144,9.333333333333334e-06,True
2021-10-24,0.016576150099499153,0.0165880112106102,1.1861111111111111e-05,True
2021-10-31,0.011988809654553163,0.0120000874323309,1.1277777777777778e-05,True
2021-11-07,0.020517204616723676,0.0205261490611681,8.944444444444444e-06,True
2021-11-14,-0.002537560236294999,-0.0025272546807394,1.0305555555555556e-05,True
2021-11-21,0.00038289007350505836,0.0003928067401717,9.916666666666666e-06,True
2021-11-28,-0.024372163661164868,-0.0243618581056093,1.0305555555555556e-05,True
2021-12-05,-0.019387890589948463,-0.0193775850343929,1.0305555555555556e-05,True
2021-12-12,0.03552060353654512,0.0355328535365451,1.225e-05,True
2021-12-19,-0.018767941332272498,-0.0187580246656058,9.916666666666666e-06,True
2021-12-26,0.02386517998614809,0.0238789855417036,1.3805555555555551e-05,True
2022-01-02,0.007002982319258589,0.0070132878748141,1.0305555555555556e-05,True
2022-01-09,-0.023356282695522534,-0.0233376160288559,1.866666666666667e-05,True
2022-01-16,-0.004465483474883894,-0.0044404001415506,2.5083333333333338e-05,True
2022-01-23,-0.05926121070574498,-0.0592281551501894,3.3055555555555553e-05,True
2022-01-30,0.00482743596540671,0.0048643804098511,3.694444444444444e-05,True
2022-02-06,0.019381983335596036,0.0194282611133738,4.6277777777777775e-05,True
2022-02-13,-0.014712571690961187,-0.0146400439131834,7.252777777777778e-05,True
2022-02-20,-0.017141348606409777,-0.0170717374952987,6.961111111111111e-05,True
2022-02-27,0.008998470399694945,0.0090661370663616,6.766666666666665e-05,True
2022-03-06,-0.0163068821954054,-0.0162417433065165,6.513888888888889e-05,True
2022-03-13,-0.02925447442122931,-0.0291774744212293,7.7e-05,True
2022-03-20,0.06511012214836003,0.06519062214836,8.049999999999999e-05,True
2022-03-27,0.016207785553262796,0.0163123966643738,0.0001046111111111,True
2022-04-03,0.0030707740754303114,0.0031734407420969,0.0001026666666666,True
2022-04-10,-0.016969498534636872,-0.0168337763124147,0.0001357222222222,True
2022-04-17,-0.018678722694686175,-0.0185256949169085,0.0001530277777777,True
2022-04-24,-0.030022640179223115,-0.0298616401792232,0.0001609999999999,True
2022-05-01,-0.03400075226378793,-0.0338372244860102,0.0001635277777777,True
2022-05-08,-0.0060099354724258165,-0.005845046583537,0.0001648888888888,True
2022-05-15,-0.024850701818273244,-0.0246585907071621,0.0001921111111111,True
2022-05-22,-0.029996779055722515,-0.029795723500167,0.0002010555555555,True
2022-05-29,0.06573947074389232,0.0659510262994478,0.0002115555555555,True
2022-06-05,-0.011389784199639463,-0.0111593675329729,0.0002304166666666,True
2022-06-12,-0.05058491288027144,-0.0503198851024938,0.0002650277777777,True
2022-06-19,-0.05946856557627701,-0.0591588155762771,0.0003097499999999,True
2022-06-26,0.0658295897467807,0.0661576175245584,0.0003280277777777,True
2022-07-03,-0.023606070423777978,-0.023273570423778,0.0003325,True
2022-07-10,0.020878123281607944,0.0212598177260523,0.0003816944444444,True
2022-07-17,-0.01100944034239182,-0.0105554125646141,0.0004540277777777,True
2022-07-24,0.027578692220774158,0.028054692220774,0.0004759999999999,True
2022-07-31,0.04211759943900545,0.042579016105672,0.0004614166666666,True
2022-08-07,0.0060197922293430605,0.0065117366737874,0.0004919444444444,True
2022-08-14,0.03333914076484292,0.033837501875954,0.0004983611111111,True
2022-08-21,-0.014914804548144653,-0.0143925267703669,0.0005222777777777,True
2022-08-28,-0.03829046133555657,-0.0377386280022233,0.0005518333333333,True
2022-09-04,-0.034099316981717726,-0.0335336780928289,0.0005656388888888,True
2022-09-11,0.03858998835682884,0.0391812939123843,0.0005913055555555,True
2022-09-18,-0.047762865766925774,-0.0471470602113703,0.0006158055555555,True
2022-09-25,-0.049905063735357726,-0.0492838137353577,0.00062125,True
2022-10-02,-0.02641231531123928,-0.0257739542001282,0.0006383611111111,True
2022-10-09,0.01565263104024464,0.0163094643735779,0.0006568333333333,True
2022-10-16,-0.019070075106496606,-0.01834615843983,0.0007239166666666,True
2022-10-23,0.04618389538990395,0.0469601176121261,0.0007762222222222,True
2022-10-30,0.03940610443050838,0.0401998266527305,0.0007937222222222,True
2022-11-06,-0.033994672352827424,-0.0331939501306052,0.0008007222222222,True
2022-11-13,0.05848038060759368,0.0592962694964824,0.0008158888888888,True
2022-11-20,-0.009505920855175813,-0.008679531966287,0.0008263888888888,True
2022-11-27,0.014505228447751616,0.0153423117810849,0.0008370833333333,True
2022-12-04,0.011168133584841429,0.0120081335848414,0.00084,True
2022-12-11,-0.036124637380768626,-0.0352896929363242,0.0008349444444444,True
2022-12-18,-0.021389343875662433,-0.0205547883201069,0.0008345555555555,True
2022-12-25,-0.003059797206759547,-0.002216880540093,0.0008429166666666,True
2023-01-01,-0.0017125248622488496,-0.0008559970844712,0.0008565277777777,True
2023-01-08,0.014062153530358721,0.0149616535303587,0.0008995,True
2023-01-15,0.02905992832473229,0.0299582616580655,0.0008983333333333,True
2023-01-22,-0.006724262333371279,-0.0058177623333713,0.0009065,True
2023-01-29,0.025569243805475934,0.0264786604721425,0.0009094166666666,True
2023-02-05,0.015786229511723832,0.0166921461783904,0.0009059166666666,True
2023-02-12,-0.013068512497317024,-0.0121404291639837,0.0009280833333333,True
2023-02-19,-0.001102165784534888,-0.0001661102289794,0.0009360555555555,True
2023-02-26,-0.027307023248714462,-0.0263672732487145,0.00093975,True
2023-03-05,0.018578672545048528,0.0195265892117151,0.0009479166666666,True
2023-03-12,-0.04986192383701398,-0.0488984516147918,0.0009634722222222,True
2023-03-19,0.011261779662098511,0.0121288074398762,0.0008670277777777,True
2023-03-26,0.01278769090184442,0.0136996353462888,0.0009119444444444,True
2023-04-02,0.03591717192420459,0.0368223108130933,0.0009051388888888,True
2023-04-09,-0.004383212157042209,-0.0034349066014867,0.0009483055555555,True
2023-04-16,0.008320126797507528,0.0093108212419519,0.0009906944444444,True
2023-04-23,-0.0017351734267026186,-0.0007403956489249,0.0009947777777777,True
2023-04-30,0.005452795995438366,0.0064444626621049,0.0009916666666666,True
2023-05-07,-0.00793347160678783,-0.0069124438290101,0.0010210277777777,True
2023-05-14,-0.003377624752874504,-0.0023635969750968,0.0010140277777777,True
2023-05-21,0.01577944882421599,0.0168059210464381,0.0010264722222222,True
2023-05-28,0.0018842017609192706,0.0029182573164747,0.0010340555555555,True
2023-06-04,0.019115981879985682,0.0201640374355411,0.0010480555555555,True
2023-06-11,0.003803818016030861,0.0048279569049196,0.0010241388888888,True
2023-06-18,0.025213830739068625,0.0262313585168463,0.0010175277777777,True
2023-06-25,-0.015893277712970024,-0.0148613610463034,0.0010319166666666,True
2023-07-02,0.024277560660943616,0.0253104495498324,0.0010328888888888,True
2023-07-09,-0.011838161331685814,-0.0107908835539081,0.0010472777777777,True
2023-07-16,0.02512122262908517,0.0261704448513073,0.0010492222222222,True
2023-07-23,0.005972931833454788,0.0070272096112324,0.0010542777777777,True
2023-07-30,0.008523750263970046,0.0095799724861922,0.0010562222222222,True
2023-08-06,-0.02302655296148305,-0.0219711085170386,0.0010554444444444,True
2023-08-13,-0.004901424842766863,-0.0038452026205447,0.0010562222222222,True
2023-08-20,-0.022744545939364674,-0.0216861848282536,0.0010583611111111,True
2023-08-27,0.00726475008130479,0.0083334167479713,0.0010686666666666,True
2023-09-03,0.026468906148686022,0.0275282394820193,0.0010593333333333,True
2023-09-10,-0.013859200281819264,-0.0127969502818193,0.00106225,True
2023-09-17,-0.0023056874136501834,-0.0012434374136502,0.00106225,True
2023-09-24,-0.03099267169271904,-0.0299263383593857,0.0010663333333333,True
2023-10-01,-0.006908795175423704,-0.0058453785087571,0.0010634166666666,True
2023-10-08,0.0021998100147727494,0.0032721711258838,0.0010723611111111,True
2023-10-15,0.0027476304682315378,0.0038161026904537,0.0010684722222222,True
2023-10-22,-0.02548478013740558,-0.024421363470739,0.0010634166666666,True
2023-10-29,-0.026199473505055845,-0.0251348901717225,0.0010645833333333,True
2023-11-05,0.058457045567854866,0.0595122955678548,0.00105525,True
2023-11-12,0.009993317353363057,0.0110466229089185,0.0010533055555555,True
2023-11-19,0.022879242276229006,0.0239284644984512,0.0010492222222222,True
2023-11-26,0.009567769746669966,0.0106222419688921,0.0010544722222222,True
2023-12-03,0.0098040711603798,0.0108511544937131,0.0010470833333333,True
2023-12-10,0.000803517864203112,0.0018515734197586,0.0010480555555555,True
2023-12-17,0.025821510007037418,0.0268707322292596,0.0010492222222222,True
2023-12-24,0.007613212289066659,0.0086601011779554,0.0010468888888888,True
2023-12-31,0.0018505701527310701,0.0028914312638421,0.0010408611111111,True
2024-01-07,-0.017674741400196446,-0.0166286302890853,0.0010461111111111,True
2024-01-14,0.017230558195152613,0.0182745304173748,0.0010439722222222,True
2024-01-21,0.009807456213921786,0.0108516228805883,0.0010441666666666,True
2024-01-28,0.009671931533836633,0.0107160982005032,0.0010441666666666,True
2024-02-04,0.012211754345158084,0.0132568932340468,0.0010451388888888,True
2024-02-11,0.014158496801720693,0.0152065523572761,0.0010480555555555,True
2024-02-18,-0.0034388430408864475,-0.0023907874853309,0.0010480555555555,True
2024-02-25,0.014051071885176509,0.015104377440732,0.0010533055555555,True
2024-03-03,0.009862373592184028,0.0109065402588506,0.0010441666666666,True
2024-03-10,-0.0030820001747759087,-0.0020358890636648,0.0010461111111111,True
2024-03-17,-0.0026182760135124612,-0.001570220457957,0.0010480555555555,True
2024-03-24,0.021774542311922353,0.0228187089785889,0.0010441666666666,True
2024-03-31,0.004018960375958527,0.0050631270426251,0.0010441666666666,True
2024-04-07,-0.010393996443976044,-0.0093508019995316,0.0010431944444444,True
2024-04-14,-0.017219876369453147,-0.0161727930361199,0.0010470833333333,True
2024-04-21,-0.03167573282592645,-0.0306265106037042,0.0010492222222222,True
2024-04-28,0.026721256118980963,0.0277704783412031,0.0010492222222222,True
2024-05-05,0.005135164128349755,0.006182247461683,0.0010470833333333,True
